candidate_id,mfe,longest_helix,acc_TIR,acc_SPACER,acc_CDS,acc_IRES,structured_frac_CDS
original,-779.4000244140625,20,0.2116298530330217,0.4086897055160686,0.34011217447907477,0.3726861077452504,0.6731301939058172
dom_seed771_000,-787.2999877929688,20,0.3214441641532782,0.3897468798686532,0.3354029533482882,0.37950569783027605,0.6814404432132964
dom_seed771_001,-783.4000244140625,20,0.2544336465481441,0.4893067518942189,0.3373739391225597,0.35529909906603546,0.6814404432132964
dom_seed771_002,-786.7999877929688,20,0.30222801558044615,0.36972801899040253,0.34572743617310797,0.3664731041774296,0.6888273314866112
dom_seed771_003,-784.5,20,0.25024497015177377,0.40279893097970976,0.3448585775763281,0.37355710796637903,0.6722068328716528
dom_seed771_004,-780.2999877929688,20,0.17283638340895777,0.39370455821839034,0.34645438991822564,0.3677247189456597,0.6703601108033241
dom_seed771_005,-779.5999755859375,20,0.26852930373652273,0.15431800401687118,0.3213006588263137,0.36156356386585103,0.716528162511542
dom_seed771_006,-782.7999877929688,20,0.28742670292176625,0.3562088075362529,0.3605928699432406,0.3349051051827072,0.6657433056325023
dom_seed771_007,-788.2000122070312,20,0.20026978374959678,0.39361080077803007,0.33599684690105386,0.38240550018384933,0.6842105263157895
dom_seed771_008,-779.5,20,0.5097807682129314,0.022453126924362247,0.3496434088913358,0.3650164252535747,0.6722068328716528
dom_seed771_009,-783.4000244140625,20,0.20348429214936914,0.39357208032470226,0.32372718510943516,0.375458366465711,0.7008310249307479
dom_seed771_010,-783.9000244140625,20,0.41318152549517134,0.39334582615701946,0.34005573791558935,0.3831154830177088,0.6777469990766389
dom_seed771_011,-785.2000122070312,20,0.40922621295558204,0.01370446905590749,0.3471104033533811,0.37661746327975526,0.6565096952908587
dom_seed771_012,-786.2999877929688,20,0.3238171142623287,0.23696895269907448,0.3232734369847116,0.37450791138464096,0.6980609418282548
dom_seed771_013,-781.5999755859375,20,0.1733958629443805,0.39213315239909813,0.3483803130351898,0.3593945325388787,0.6712834718374885
dom_seed771_014,-784.4000244140625,20,0.34574206339296626,0.4594068013022479,0.3382007649483618,0.3567627337983899,0.6842105263157895
dom_seed771_015,-781.0,20,0.4631347446428663,0.07630523654473412,0.35031606089725564,0.3551119987920138,0.6666666666666666
dom_seed771_016,-781.7999877929688,20,0.4085579908811269,0.2994157469621617,0.3447169876827886,0.358773651377252,0.6685133887349953
dom_seed771_017,-783.7000122070312,20,0.4728238361943719,0.2515019166561615,0.35415181703091997,0.352500966135353,0.6629732225300092
dom_seed771_018,-780.2000122070312,20,0.2372884366311458,0.3719320855884386,0.34615570523075023,0.38161074692898156,0.6694367497691598
dom_seed771_019,-789.7999877929688,20,0.14823913210842268,0.1486963969104181,0.33834715776747804,0.3536993634647665,0.6749769159741459
dom_seed771_020,-789.7999877929688,20,0.28052358665124,0.2259900248064393,0.3393715491414115,0.3752705258223876,0.6749769159741459
dom_seed771_021,-783.2000122070312,20,0.30565141813807106,0.38255807773536316,0.34698878842224135,0.3790044843780496,0.6740535549399815
dom_seed771_022,-786.2999877929688,20,0.3292621942157287,0.39114007441075954,0.3426784381322632,0.35650874701957525,0.6786703601108033
dom_seed771_023,-786.9000244140625,20,0.3107256362694291,0.3159689075516629,0.34699965568293684,0.3694953934963773,0.6749769159741459
dom_seed771_024,-779.7000122070312,20,0.2917132333602543,0.3931289294113109,0.34342690892247557,0.38788542974575635,0.6657433056325023
dom_seed771_025,-787.5999755859375,20,0.38602862827422846,0.22755206198332115,0.3215004212270094,0.3818330018090407,0.6906740535549399
dom_seed4242_026,-781.7000122070312,20,0.34914367662395307,0.23781937701684608,0.357949574205537,0.3567383882928899,0.6574330563250231
dom_seed4242_027,-780.5,20,0.3078650497882033,0.13912648991038926,0.3418853635122564,0.3633825881226664,0.6703601108033241
dom_seed4242_028,-787.7000122070312,20,0.31466349043672986,0.37217627713531937,0.3467058289021856,0.36142946385335256,0.6629732225300092
dom_seed4242_029,-784.2999877929688,20,0.2733903176910038,0.3936551828894153,0.3584237046004359,0.3652611682811832,0.644506001846722
dom_seed4242_030,-784.9000244140625,20,0.38745679541146577,0.2022328848555238,0.3408570820710987,0.3691447514725847,0.6648199445983379
dom_seed4242_031,-781.0999755859375,20,0.20682617974659176,0.3931681918145841,0.34474093295607616,0.36486547317075085,0.6731301939058172
dom_seed4242_032,-786.5,20,0.2261654458279433,0.3962839556469286,0.3538627967575547,0.3727180419677679,0.6648199445983379
dom_seed4242_033,-780.2000122070312,20,0.32001785063969995,0.36037565886623874,0.3347585962692946,0.3657713747016201,0.6869806094182825
dom_seed4242_034,-780.2999877929688,20,0.3158148581437066,0.19201260922660973,0.33362493320916825,0.37253156895632455,0.7045244690674054
dom_seed4242_035,-783.5,20,0.5064566275310426,0.29230697388993576,0.3299820710540579,0.34463043169276913,0.6925207756232687
dom_seed4242_036,-787.5,20,0.31035855297908105,0.08998103222396216,0.338824480198134,0.35030477929248954,0.6832871652816251
dom_seed4242_037,-779.4000244140625,20,0.46828360656306056,0.4301030548960019,0.3351374555244739,0.34008896311970277,0.6749769159741459
dom_seed4242_038,-781.0,20,0.4750523832092161,0.22723369766451165,0.33832152131114523,0.3557054608981948,0.6795937211449676
dom_seed4242_039,-790.9000244140625,20,0.2949190732133199,0.3222071806554595,0.3313139873955684,0.3620437214069441,0.6879039704524469
dom_seed4242_040,-780.0,20,0.3300747606432196,0.3748626381976768,0.34617282275485534,0.34837693771142375,0.6740535549399815
dom_seed4242_041,-780.7999877929688,20,0.17637639835087005,0.3932419781654365,0.3394787327919451,0.3793946833340448,0.6915974145891043
dom_seed4242_042,-782.5,20,0.29388441118026093,0.3572818376334302,0.3343604985417021,0.3909311677387098,0.7008310249307479
dom_seed4242_043,-781.0,20,0.2945883346758516,0.13187352249672887,0.3247394845789303,0.35846427303030814,0.6971375807940905
dom_seed4242_044,-781.2000122070312,20,0.2988516734822648,0.39232803363320273,0.33204137231969105,0.3848090141110257,0.6934441366574331
dom_seed4242_045,-786.5999755859375,20,0.2152043966096547,0.3627753679293164,0.34741790367668923,0.3734055293326729,0.6749769159741459
dom_seed4242_046,-784.7999877929688,20,0.33222765668588183,0.43900517655868804,0.3362821325128535,0.3656015361952504,0.6768236380424746
dom_seed4242_047,-779.7000122070312,20,0.09587511056427805,0.3935460160124421,0.3405100501384171,0.3746132278334977,0.6749769159741459
dom_seed4242_048,-779.7999877929688,20,0.28093147980483385,0.36590074159436575,0.35343992971111715,0.3411712309860284,0.6583564173591875
dom_seed4242_049,-784.2999877929688,20,0.24427899904312653,0.21585427400677873,0.32126397721539945,0.3678917090889665,0.7220683287165282
dom_seed4242_050,-786.5,20,0.17760842807914135,0.3936494482935207,0.34491487643664787,0.3792641134479679,0.6943674976915974
dom_seed4242_051,-783.0,20,0.34853281717105344,0.28918433381046876,0.34736225423152794,0.3707861059458448,0.6602031394275162
dom_seed4242_052,-780.2000122070312,20,0.37819714260476756,0.24403554899078397,0.3551569249033523,0.3695300121543705,0.6454293628808865
dom_seed4242_053,-783.0999755859375,20,0.3031545543560848,0.4076712140276868,0.33433937525190494,0.3684741808618759,0.6805170821791321
dom_seed4242_054,-781.5999755859375,20,0.1974477664517811,0.31025588209977284,0.319945842794018,0.3701254863881932,0.7128347183748845
dom_seed4242_055,-782.4000244140625,20,0.3903229772419157,0.32730202152367077,0.34272816768423925,0.37226608421421287,0.6879039704524469
dom_seed4242_056,-781.2000122070312,20,0.3360440254858986,0.1390572804598681,0.34527230745977683,0.3424814694625633,0.6832871652816251
dom_seed4242_057,-780.2000122070312,20,0.30519407295945106,0.3936720834416216,0.3519394275244925,0.383924432373649,0.6611265004616805
bg_0000,-759.2999877929688,20,0.3645453916879281,0.38563240552854644,0.3460317427412664,0.3769741771929634,0.6943674976915974
bg_0001,-757.7999877929688,20,0.2683242056709484,0.3543975635237075,0.3549657909500505,0.36639689300634154,0.6934441366574331
bg_0002,-761.7999877929688,20,0.34740124882706974,0.06911827105553432,0.36243155621002004,0.3720496583073095,0.6565096952908587
bg_0003,-783.0999755859375,20,0.3031545543560848,0.4076712140276868,0.33433937525190494,0.3684741808618759,0.6805170821791321
bg_0004,-764.0999755859375,20,0.26645670852928255,0.3976962841828329,0.33691769230402013,0.3876353292263859,0.6814404432132964
bg_0005,-768.2999877929688,20,0.24831783090330645,0.42746536262541973,0.33815659271571324,0.36808121847108205,0.7220683287165282
bg_0006,-776.0999755859375,20,0.30144127138773913,0.2953758202159103,0.3587349144817686,0.3573004096394536,0.6583564173591875
bg_0007,-761.7999877929688,20,0.21464961305900943,0.388293183968805,0.34205875270243097,0.3824854520684621,0.6952908587257618
bg_0008,-760.0,20,0.2783323815221896,0.2783396443011346,0.36186663396656665,0.36241436227551727,0.6611265004616805
bg_0009,-787.4000244140625,20,0.26498951235137913,0.3759861186777319,0.34361801870779574,0.3665555479200365,0.6786703601108033
bg_0010,-750.0999755859375,20,0.29656819945615404,0.11916146891726384,0.33580340327506975,0.37904999829769465,0.6943674976915974
bg_0011,-771.5999755859375,20,0.29445967863642486,0.3341413168557968,0.3517295460688122,0.3667078201599486,0.6703601108033241
bg_0012,-759.2000122070312,20,0.3353101603722583,0.39267828430644536,0.361784792159008,0.38462597202916066,0.6574330563250231
bg_0013,-764.5,20,0.40807264967570517,0.38581050881972867,0.3476000231436283,0.3694473369457184,0.6842105263157895
bg_0014,-786.9000244140625,20,0.30115239805339417,0.4039336588907342,0.344890040924823,0.37486902710465453,0.6712834718374885
bg_0015,-766.2000122070312,20,0.3505298617040656,0.3089705232347721,0.3377882485000297,0.3698167490663466,0.7026777469990766
bg_0016,-781.0,20,0.2564151021819271,0.35714260260222846,0.35963127745667856,0.3696845372831679,0.6648199445983379
bg_0017,-785.7000122070312,20,0.3421908638343363,0.38940933453292625,0.31917322428915595,0.3922493310842597,0.7063711911357341
bg_0018,-765.0999755859375,20,0.3699059298074644,0.4056474087705889,0.3540915373550552,0.360405718481068,0.6823638042474608
bg_0019,-769.7000122070312,20,0.2856952187858345,0.29405020679496374,0.3511195750149571,0.36837636196295404,0.6602031394275162
bg_0020,-766.2000122070312,20,0.3129232847498618,0.34824337807258415,0.34282522826998313,0.372848029823934,0.6805170821791321
bg_0021,-755.2000122070312,20,0.43706541949580546,0.31307227069652677,0.3606020355274895,0.3736161182669066,0.6518928901200369
bg_0022,-779.0,20,0.2238310444382781,0.39379345970252566,0.352569517154792,0.39166431194013474,0.667590027700831
bg_0023,-769.5999755859375,20,0.272822472300868,0.2707795587152456,0.34010658943739064,0.36526062848077195,0.6823638042474608
bg_0024,-756.5,20,0.3056297430803473,0.37375089311208287,0.3575730402620878,0.3585189543851148,0.667590027700831
bg_0025,-757.0999755859375,20,0.21678631320828573,0.3948863517913196,0.3415404193152638,0.38297149170477096,0.6777469990766389
bg_0026,-761.2000122070312,20,0.15342272848835517,0.3937402377962523,0.3492378105473004,0.37229941449227677,0.6712834718374885
bg_0027,-765.0999755859375,20,0.09773984771594163,0.3935579496233307,0.32391086657584345,0.3842679653658575,0.7063711911357341
bg_0028,-761.0,20,0.34145529886215326,0.37595964986824887,0.3433348645502396,0.3778268659995594,0.6851338873499538
bg_0029,-767.2999877929688,20,0.3945300809282647,0.31335078047856463,0.3418824198664869,0.3549694069345212,0.6823638042474608
bg_0030,-764.5999755859375,20,0.31498628840890885,0.1563458979301989,0.33917260844355934,0.3741825998640297,0.6971375807940905
bg_0031,-768.0,20,0.2690027998699103,0.17269442205294278,0.33758429577600585,0.3467945682045005,0.6952908587257618
bg_0032,-767.0,20,0.33903763379757945,0.35163522951958537,0.34381085074299433,0.36963645161075226,0.6962142197599261
bg_0033,-766.7000122070312,20,0.2908271984303004,0.36479553305847123,0.3429505870964523,0.3658988236027861,0.6915974145891043
bg_0034,-765.9000244140625,20,0.2637647730913462,0.3916455399103749,0.33415890675599697,0.369022279911617,0.6897506925207756
bg_0035,-774.5,20,0.2811280039987954,0.49969572310692456,0.33735091577027737,0.35417228910009235,0.6805170821791321
bg_0036,-770.7999877929688,20,0.25310150689222916,0.5011079131994848,0.32609733348119707,0.35436944515489616,0.6897506925207756
bg_0037,-753.5999755859375,20,0.20476220074509305,0.22560745522241632,0.3473809025341486,0.3786851026103979,0.6971375807940905
bg_0038,-751.5999755859375,20,0.14517685364932428,0.39288947177507605,0.34122382642781574,0.37353306914566886,0.6731301939058172
bg_0039,-757.2000122070312,20,0.24934142074571355,0.26302593726880635,0.35856719726616104,0.36611016259217655,0.6620498614958449
bg_0040,-760.4000244140625,20,0.3625205820343884,0.32224709158751164,0.3392387689061251,0.377475932100454,0.6860572483841182
bg_0041,-751.9000244140625,20,0.3516300385650538,0.38590617872184035,0.35923232916880865,0.3592566571249284,0.6749769159741459
bg_0042,-761.2000122070312,20,0.20526508864419762,0.47790534366922655,0.35229922943242115,0.3557768145151822,0.6786703601108033
bg_0043,-757.2999877929688,20,0.2864263173459828,0.39729600741405496,0.34253287010505107,0.37609670472196516,0.7100646352723915
bg_0044,-767.9000244140625,20,0.2725865752199752,0.3879275200858198,0.34007531499615534,0.3784402012203292,0.6777469990766389
bg_0045,-759.7999877929688,20,0.16037278897550397,0.1970114511766951,0.34504569327896983,0.3783531216891807,0.6731301939058172
bg_0046,-768.5,20,0.3823931621093531,0.34301960926695757,0.3311011377506079,0.3686338430817547,0.6842105263157895
bg_0047,-767.7999877929688,20,0.3286393754982176,0.2957622902413277,0.3400286821058518,0.37541873453387004,0.6823638042474608
bg_0048,-770.2999877929688,20,0.20872804666845088,0.39341032157620553,0.34051165227073327,0.38194222670797995,0.6759002770083102
bg_0049,-758.7000122070312,20,0.28096939069188615,0.28677504306427487,0.35795740746178734,0.3668198879239502,0.6814404432132964
bg_0050,-759.5,20,0.3197508869100299,0.3334945180862026,0.3506059712512126,0.37207511678982613,0.6842105263157895
bg_0051,-770.4000244140625,20,0.2663330880364507,0.263852827652651,0.34670911879145183,0.3616083258796432,0.6971375807940905
bg_0052,-764.4000244140625,20,0.27787094270145946,0.2892608273602794,0.3564558405761021,0.35534359606242866,0.6759002770083102
bg_0053,-762.7999877929688,20,0.3061765980620597,0.39365565997462304,0.345799429051188,0.3730950239767729,0.6934441366574331
bg_0054,-766.2000122070312,20,0.209649503589056,0.3910233061690936,0.3400972574360065,0.37035983911087,0.6860572483841182
bg_0055,-759.4000244140625,20,0.28187253464517803,0.3384566248865667,0.3334164701119567,0.3571080991757542,0.7091412742382271
bg_0056,-759.5999755859375,20,0.4089414689271204,0.24881016904419084,0.3414584416694664,0.36960578299575225,0.6759002770083102
bg_0057,-768.0,20,0.3654715437941377,0.2268061563188894,0.36031934515957215,0.3408490838908677,0.6518928901200369
bg_0058,-772.9000244140625,20,0.25707414621547287,0.35844328150524235,0.34262681880270146,0.3611418882865014,0.6740535549399815
bg_0059,-763.0,20,0.18293558655629263,0.23603657818378754,0.34747181944707856,0.36380069779443147,0.6842105263157895
bg_0060,-764.5,20,0.14828083523001018,0.39358004317825057,0.3362800330519311,0.3806527664642144,0.7045244690674054
bg_0061,-779.9000244140625,20,0.22340934132729065,0.5011326959185074,0.3598420804476032,0.33859478152279743,0.6481994459833795
bg_0062,-768.5999755859375,20,0.2862580113897214,0.26480013165037236,0.3400098276281489,0.35889623593921915,0.6934441366574331
bg_0063,-775.7000122070312,20,0.24619735556843808,0.37225992029252664,0.33718418425400787,0.35249775742227096,0.6869806094182825
bg_0064,-758.7999877929688,20,0.3472953007657452,0.2631277419452696,0.3484217025223697,0.37649875130174215,0.7054478301015698
bg_0065,-772.5999755859375,20,0.39097591531084014,0.278301227255785,0.3363434818673858,0.36122613023055056,0.6731301939058172
bg_0066,-766.2999877929688,20,0.30024171349171713,0.394474164322916,0.3512216410346284,0.3639252951038611,0.6712834718374885
bg_0067,-762.5999755859375,20,0.34117320731356815,0.08831961392631153,0.3485502022043764,0.359036447165379,0.6888273314866112
bg_0068,-767.0,20,0.21231052232227132,0.3733990333388647,0.3432944103398284,0.3780543121585471,0.6989843028624192
bg_0069,-768.5999755859375,20,0.41465858430537994,0.16891214867743354,0.35706031201277866,0.3544382461183201,0.6657433056325023
bg_0070,-765.0999755859375,20,0.3443536996906005,0.2917365746120292,0.35421637297736724,0.36513288718898523,0.6879039704524469
bg_0071,-766.5999755859375,20,0.25492077566107885,0.22727738055655208,0.3430018320323932,0.37991056505436266,0.6832871652816251
bg_0072,-767.2999877929688,20,0.28062632437786306,0.262588806689079,0.35684251577728016,0.36239111147914443,0.6712834718374885
bg_0073,-787.5,20,0.31035855297908105,0.08998103222396216,0.338824480198134,0.35030477929248954,0.6832871652816251
bg_0074,-771.9000244140625,20,0.3263190685386386,0.5008097322595859,0.34023412163416955,0.3375413722516716,0.6712834718374885
bg_0075,-753.7000122070312,20,0.3416765313565217,0.23400269120938902,0.3517676070452769,0.36258839739962745,0.6795937211449676
bg_0076,-763.5,20,0.23197385345392832,0.394292183449943,0.3501727770414928,0.3885331154117009,0.6712834718374885
bg_0077,-753.9000244140625,20,0.2265773305465397,0.3912058695320714,0.35433043315283835,0.38432237740793473,0.6759002770083102
bg_0078,-757.9000244140625,20,0.21141202586625998,0.33758728032316865,0.34409465407210543,0.3739789654129897,0.6786703601108033
bg_0079,-756.7999877929688,20,0.2237904365598903,0.32907049379646197,0.3448068762200741,0.37019912798589216,0.6971375807940905
bg_0080,-758.5,20,0.301353511019776,0.3889765984854118,0.35018750760628387,0.3728278087494298,0.6666666666666666
bg_0081,-783.5,20,0.3231261017443709,0.49265200350322025,0.3418393388078068,0.33657196973826986,0.6777469990766389
bg_0082,-761.0,20,0.3776543921074638,0.30331120581273957,0.3399449216522337,0.3739147399500784,0.6768236380424746
bg_0083,-754.7000122070312,20,0.2651797599730344,0.41500676209003967,0.35070122548103067,0.3860407532183726,0.667590027700831
bg_0084,-773.7999877929688,20,0.31990258817986617,0.3451610640283131,0.33823658551951524,0.3635327556505392,0.6832871652816251
bg_0085,-758.2999877929688,20,0.3197520682156816,0.35697921039821573,0.3313040283469948,0.376847316125168,0.6980609418282548
bg_0086,-780.2999877929688,20,0.23911296673319762,0.4103093590538265,0.32874085276011067,0.37854244980154056,0.6915974145891043
bg_0087,-765.0999755859375,20,0.2683288976790815,0.29883184720899103,0.3554019310720896,0.3579664866219723,0.6832871652816251
bg_0088,-765.7999877929688,20,0.2471651303601599,0.3934246684370616,0.31311656558681605,0.3793885992844051,0.7220683287165282
bg_0089,-776.2999877929688,20,0.2845301682289573,0.3697537289268439,0.34311481040581715,0.35847345469691644,0.667590027700831
bg_0090,-762.0,20,0.4238186847645314,0.02251047039687061,0.3471202219112785,0.36163921950209205,0.6777469990766389
bg_0091,-760.0999755859375,20,0.3715388156751336,0.23712223417296627,0.350569302066507,0.3534384922487039,0.6703601108033241
bg_0092,-758.2999877929688,20,0.23290109387077487,0.3926481072277966,0.3594996687517076,0.3632498944886417,0.6694367497691598
bg_0093,-786.2999877929688,20,0.3292621942157287,0.39114007441075954,0.3426784381322632,0.35650874701957525,0.6786703601108033
bg_0094,-765.5,20,0.23172814471796907,0.3929257272999166,0.3428411738412659,0.3778530938213746,0.6842105263157895
bg_0095,-781.9000244140625,20,0.2580110240260486,0.3901951258952977,0.34791892695582793,0.3758176643957315,0.6722068328716528
bg_0096,-769.2000122070312,20,0.39513679148255204,0.14898415231503653,0.3296150565632674,0.3731005805113452,0.6823638042474608
bg_0097,-756.7000122070312,20,0.3284287038602391,0.3769878095783497,0.33878057229172565,0.37787949887858,0.7008310249307479
bg_0098,-765.7999877929688,20,0.2411604635433529,0.3947719123926921,0.3219211842729997,0.3907256606204543,0.7100646352723915
bg_0099,-767.7000122070312,20,0.32902141747884645,0.27043122758477695,0.3308334707330338,0.38034548868637724,0.6989843028624192
bg_0100,-757.2999877929688,20,0.22335203540960719,0.22146759380102593,0.35368433115712705,0.3596313412523806,0.6657433056325023
bg_0101,-756.0,20,0.2233374952121873,0.37055579177249454,0.33999216867828547,0.3805391516496978,0.6906740535549399
bg_0102,-773.7999877929688,20,0.3948864283301494,0.32343260996773704,0.35873080282797193,0.3642850612992694,0.6759002770083102
bg_0103,-765.5999755859375,20,0.22757590207675094,0.36961295182051496,0.3415442922695566,0.3682390491928943,0.6768236380424746
bg_0104,-756.2999877929688,20,0.23594650770467826,0.3785686249667682,0.3449628866605841,0.3774475032335038,0.6869806094182825
bg_0105,-760.2000122070312,20,0.2603874496704824,0.3936682281765267,0.3461379957358809,0.3854282316502869,0.6805170821791321
bg_0106,-773.7999877929688,20,0.17673461699153753,0.39365003072768256,0.33302896405778604,0.38062460482628935,0.7100646352723915
bg_0107,-766.5,20,0.33404016851209234,0.390652040969447,0.3364443545674774,0.376782214611942,0.6768236380424746
bg_0108,-761.4000244140625,20,0.3254379438722026,0.2846353919653969,0.3469005630724953,0.3664938925807231,0.6814404432132964
bg_0109,-775.7000122070312,20,0.4190419041422501,0.3214119968920689,0.3367382013204258,0.3633996103484518,0.7054478301015698
bg_0110,-772.0,20,0.17269751211488255,0.39339573665129135,0.3625084329448041,0.3605721056349742,0.6583564173591875
bg_0111,-761.9000244140625,20,0.33268540093955984,0.22751457847868248,0.34559944917612667,0.36877021075433075,0.6620498614958449
bg_0112,-784.9000244140625,20,0.18830591481746523,0.22676311829685195,0.32832596249728396,0.38084987912177937,0.6980609418282548
bg_0113,-783.2000122070312,20,0.1454492694124686,0.25181415266567153,0.3371670144840242,0.3784468767782989,0.6777469990766389
bg_0114,-751.0999755859375,20,0.34598986790466973,0.07956442986712015,0.349265862704619,0.3693716243904367,0.6759002770083102
bg_0115,-768.7000122070312,20,0.3172442388824796,0.5008414009924915,0.35594102277027373,0.35785480034992745,0.6611265004616805
bg_0116,-774.0,20,0.3236651219704678,0.22892600439887853,0.33481085096421376,0.3707606535275644,0.6795937211449676
bg_0117,-769.5,20,0.3710570277461557,0.3338934444360954,0.3377581805733669,0.36270445680763913,0.7017543859649122
bg_0118,-750.7000122070312,20,0.3545746541363769,0.3787638588253079,0.3617609333534493,0.37439144260317153,0.6657433056325023
bg_0119,-757.2999877929688,20,0.19994411956959085,0.38864202874653225,0.35449675112708373,0.37810788169224485,0.6731301939058172
bg_0120,-751.9000244140625,20,0.294033125278717,0.3702058581321277,0.3539891966533817,0.3793038787390115,0.6860572483841182
bg_0121,-766.5,20,0.19045828271115775,0.3756732141580869,0.3358148615320854,0.3885435398934565,0.6795937211449676
bg_0122,-770.7999877929688,20,0.3063247197002056,0.3713483842865268,0.345801058576098,0.3662259007964175,0.6759002770083102
bg_0123,-764.2000122070312,20,0.37186830680751276,0.15630785850862594,0.34177784355048085,0.38344024635353524,0.6777469990766389
bg_0124,-778.9000244140625,20,0.4065755862550456,0.24817718417865156,0.33817669813888657,0.374922744956652,0.6860572483841182
bg_0125,-770.0,20,0.2937441178718169,0.22023104306542032,0.34796257816476117,0.3625280740199657,0.6620498614958449
bg_0126,-765.0,20,0.4203561232071479,0.015191102242230652,0.34017228106992997,0.3604188138530746,0.6888273314866112
bg_0127,-759.5,20,0.3425147993661085,0.21037053974384132,0.3551723605034537,0.3481173967694404,0.6666666666666666
bg_0128,-774.2999877929688,20,0.33437792982304015,0.37213827594617516,0.32485145881672806,0.38237507652908787,0.6962142197599261
bg_0129,-778.2999877929688,20,0.45186395450952355,0.3479047984081262,0.3412648700095059,0.37185271740005277,0.6740535549399815
bg_0130,-774.9000244140625,20,0.2231207063789346,0.4989995410048626,0.3511752123015826,0.34449738428410437,0.6795937211449676
bg_0131,-783.0999755859375,20,0.19469599826509995,0.33142558552675233,0.3347730890289419,0.33235417267181494,0.6795937211449676
bg_0132,-767.4000244140625,20,0.17752276177285845,0.392851798128504,0.33324858099954113,0.37060737845773095,0.6915974145891043
bg_0133,-766.7999877929688,20,0.24625417509050748,0.3440145287405054,0.3283890558613244,0.3688955805220796,0.703601108033241
bg_0134,-757.5,20,0.3550391257973691,0.3587586749480882,0.35592507348417457,0.36500914086795305,0.6648199445983379
bg_0135,-778.7999877929688,20,0.24636642595545102,0.27215101918609436,0.32727115941544754,0.3719279088363965,0.7054478301015698
bg_0136,-776.9000244140625,20,0.41662386896423415,0.0834097478866776,0.33256900276971707,0.36843186751435475,0.7128347183748845
bg_0137,-781.2000122070312,20,0.217146373395038,0.39463894443397296,0.33459432910335035,0.38207916729785163,0.6786703601108033
bg_0138,-773.7999877929688,20,0.4232802366069336,0.2008316895732302,0.3460786888936623,0.36855974802486346,0.6814404432132964
bg_0139,-760.2999877929688,20,0.18197423712645105,0.3941618682769331,0.34178124881249156,0.36363056964562535,0.6814404432132964
bg_0140,-754.0999755859375,20,0.09619135810453372,0.39365814912071073,0.3322937451642844,0.37826598987485666,0.6971375807940905
bg_0141,-759.2000122070312,20,0.4089456119903237,0.3810295050525989,0.33764494877512446,0.3700458310496061,0.7017543859649122
bg_0142,-759.4000244140625,20,0.3036623237344429,0.4595950218613628,0.3312693338794242,0.36342177073317183,0.6980609418282548
bg_0143,-773.7000122070312,20,0.1657552548405268,0.389016109111617,0.3309546808989934,0.3734915655360743,0.6971375807940905
bg_0144,-774.0,20,0.17671451407459243,0.0843099104704379,0.34898017341404697,0.35933191366474776,0.6814404432132964
bg_0145,-766.7000122070312,20,0.25490956130888665,0.5006352045829772,0.34780272715936567,0.34378916248723324,0.6823638042474608
bg_0146,-776.7999877929688,20,0.17831461399476514,0.3932103639717146,0.34387762733164545,0.3740598303518739,0.6749769159741459
bg_0147,-759.5,20,0.2805148662239238,0.14573414376166813,0.35051542001723446,0.36894529797166853,0.6528162511542013
bg_0148,-760.7000122070312,20,0.259628654095953,0.3925184460701833,0.35509767550571264,0.3859329993874658,0.6759002770083102
bg_0149,-768.0,20,0.3082605522790194,0.39149333930896923,0.34148532112291413,0.36711514480729945,0.7045244690674054
bg_0150,-763.0999755859375,20,0.41359349282271674,0.23245791110481756,0.33413680378115374,0.36906351404748516,0.6906740535549399
bg_0151,-757.9000244140625,20,0.3344312554855605,0.3888475289137811,0.3462109373341227,0.363768001021895,0.703601108033241
bg_0152,-749.4000244140625,20,0.2814217776590643,0.24945511055587608,0.36699964304902405,0.3651531046018706,0.6786703601108033
bg_0153,-768.9000244140625,20,0.3056706523545472,0.23105454732952543,0.35337501975847885,0.3713584768712327,0.6694367497691598
bg_0154,-763.0999755859375,20,0.3274381118564634,0.12383057882513336,0.35439088294418725,0.36093750200358216,0.6620498614958449
bg_0155,-756.2000122070312,20,0.28372620754319844,0.3936531229221146,0.3438355455671732,0.38330416720192445,0.6694367497691598
bg_0156,-763.2000122070312,20,0.33969826817280285,0.14219962801107613,0.35285964617136145,0.3820519053125901,0.6860572483841182
bg_0157,-761.0999755859375,20,0.26908749771273505,0.38424482598311444,0.3630360971912031,0.3712323862497179,0.6435826408125577
bg_0158,-774.7999877929688,20,0.2194448956885632,0.33271000781108645,0.3529831236443367,0.3590316910070272,0.6685133887349953
bg_0159,-773.5,20,0.34663392313056346,0.1689393040357269,0.3583289962413934,0.3514348291677114,0.6629732225300092
bg_0160,-773.7999877929688,20,0.3376745663217965,0.3919504265232414,0.3589273464615175,0.3643142765578379,0.6638965835641736
bg_0161,-756.5999755859375,20,0.3580091573319502,0.2768818737591573,0.3502838317173785,0.3578955637387983,0.7017543859649122
bg_0162,-777.5,20,0.17939239862268247,0.38664797569144865,0.3464968326269672,0.345243863843229,0.6869806094182825
bg_0163,-784.2999877929688,20,0.2733903176910038,0.3936551828894153,0.3584237046004359,0.3652611682811832,0.644506001846722
bg_0164,-751.2000122070312,20,0.1792319163625507,0.3930323638512467,0.3639573802931118,0.3661182680522471,0.6481994459833795
bg_0165,-760.4000244140625,20,0.30815895208103633,0.3882812925758117,0.33992200787514837,0.3700010864017467,0.7091412742382271
bg_0166,-754.5,20,0.2806526658951952,0.21067976348131195,0.3521823019609194,0.3638605732503875,0.6823638042474608
bg_0167,-760.2000122070312,20,0.3294752090567575,0.3357526566243905,0.3502723543085762,0.35906447557857424,0.6703601108033241
bg_0168,-777.2999877929688,20,0.25172689577048,0.292799695784682,0.32902015117581473,0.3830851340655524,0.6879039704524469
bg_0169,-765.5999755859375,20,0.2975246486178245,0.27332728917105364,0.341862897555492,0.3616532403099346,0.6860572483841182
bg_0170,-754.2000122070312,20,0.19065436203175826,0.38992671454871014,0.33360516442405014,0.37371200547384886,0.7128347183748845
bg_0171,-750.5999755859375,20,0.3538657732404317,0.25003690894245667,0.354811009092786,0.3515349293579962,0.6906740535549399
bg_0172,-768.0,20,0.17702747434847577,0.32036045823818615,0.34689502345135026,0.37923849666730164,0.6666666666666666
bg_0173,-744.7000122070312,20,0.4053575915998711,0.39467035927185257,0.3534883528190568,0.34810607784288755,0.7008310249307479
bg_0174,-762.5,20,0.3898399188867491,0.3275921170359652,0.3547373835516849,0.3599213060267254,0.6722068328716528
bg_0175,-749.7000122070312,20,0.30629004222473666,0.24143625338001584,0.3547868455495677,0.36997020201265474,0.6786703601108033
bg_0176,-763.0999755859375,20,0.09416036291128572,0.3936434681522466,0.3373572872860325,0.3856097410538135,0.6731301939058172
bg_0177,-756.2999877929688,20,0.3321400989148363,0.37590170731825007,0.3498017444965963,0.3715480569111996,0.6906740535549399
bg_0178,-763.2000122070312,20,0.23071685470082837,0.39290209676316107,0.34235183925162954,0.3698374645618682,0.6823638042474608
bg_0179,-748.7000122070312,20,0.16150438267244074,0.40269512944917857,0.35114327398026096,0.3733837657628688,0.6851338873499538
bg_0180,-767.9000244140625,20,0.16077364762428867,0.1505793406519539,0.3276485288735032,0.3775616872845677,0.6943674976915974
bg_0181,-770.5,20,0.3475552888128732,0.32912769195736474,0.33203298020265637,0.37478769101823345,0.6879039704524469
bg_0182,-768.7000122070312,20,0.4279774739386388,0.34388036626939233,0.3504841488806981,0.36153250813795484,0.6869806094182825
bg_0183,-758.0,20,0.1937387102001897,0.3937184893135054,0.35459792296565307,0.38428586554329586,0.6666666666666666
bg_0184,-764.7999877929688,20,0.3416943862381231,0.21819067123178684,0.33660457765174573,0.36578290010788056,0.6786703601108033
bg_0185,-768.5999755859375,20,0.28187294434940974,0.22195165972286002,0.36050679694662124,0.3544378593835989,0.6537396121883656
bg_0186,-765.2000122070312,20,0.30931944774286724,0.1444357968102243,0.3471657073179833,0.3646804876495832,0.6722068328716528
bg_0187,-766.0999755859375,20,0.3587611653843851,0.30301266614818206,0.3634811095285968,0.3683950786699393,0.6472760849492152
bg_0188,-773.0999755859375,20,0.27661305535308806,0.3936882142943432,0.3549855061406638,0.3783831607367162,0.6795937211449676
bg_0189,-752.0,20,0.24532509688178833,0.37890527162944637,0.3475040075454378,0.37269200201628294,0.6768236380424746
bg_0190,-760.5999755859375,20,0.2559606419118912,0.43972223060057636,0.3507694573952094,0.36967073262430666,0.6740535549399815
bg_0191,-773.7000122070312,20,0.23379357674545342,0.3535554629751156,0.33780508891101707,0.3781821301943039,0.6925207756232687
bg_0192,-758.5999755859375,20,0.2155426059323266,0.45501546514575847,0.35655058348158614,0.37705599352019553,0.6555863342566943
bg_0193,-768.4000244140625,17,0.3457141929241819,0.19596102893222753,0.34873993660180813,0.35837151164480713,0.6731301939058172
bg_0194,-763.7000122070312,20,0.29672947529700955,0.3916122167006203,0.3709383597699481,0.3633438297613468,0.6528162511542013
bg_0195,-757.5,20,0.2717466227558968,0.4341327760449834,0.34272357631848666,0.3698060379182902,0.6906740535549399
bg_0196,-771.0999755859375,20,0.25684433099119514,0.3025955977735066,0.3276128602599234,0.3574260176256913,0.7109879963065558
bg_0197,-759.4000244140625,20,0.3971775381097056,0.2735558022696447,0.3629058279499977,0.3559032737966504,0.6555863342566943
bg_0198,-775.0999755859375,20,0.15032094762646012,0.3935677551803868,0.32585580794367913,0.3936728363646129,0.6832871652816251
bg_0199,-774.5,20,0.24349971051633473,0.419000559607836,0.35146591598591576,0.35361680535545414,0.6879039704524469
bg_0200,-788.4000244140625,20,0.3317117660396131,0.26868064138664827,0.3174210807336777,0.35665660388217163,0.7045244690674054
bg_0201,-762.2999877929688,20,0.480694804837367,0.018736715288711518,0.35168696982387887,0.3633206443156602,0.6814404432132964
bg_0202,-769.7000122070312,20,0.41054784148430673,0.3862990886609017,0.35345489899190385,0.35144153554724256,0.6703601108033241
bg_0203,-770.7000122070312,20,0.3272025402449799,0.3152531891829616,0.3366942707927545,0.3562591803292985,0.6795937211449676
bg_0204,-756.7999877929688,20,0.41467705547914496,0.42785107036822106,0.34579191886589,0.3555870298182704,0.6583564173591875
bg_0205,-762.4000244140625,20,0.2071498356999958,0.37940115308744377,0.35750530370679334,0.3709259786650167,0.6666666666666666
bg_0206,-756.5,20,0.32749326851462685,0.3340235682526933,0.3527984598621417,0.36910906611738903,0.6925207756232687
bg_0207,-773.0,20,0.1665853883751576,0.23414622740662405,0.32271282752547653,0.3793286753361744,0.7072945521698984
bg_0208,-754.0999755859375,20,0.39375481016862374,0.39584459540904693,0.34879806212358033,0.36990929928586075,0.6722068328716528
bg_0209,-773.4000244140625,20,0.27155703937614817,0.32458526269814075,0.34276106434103515,0.3717971445147376,0.6906740535549399
bg_0210,-772.4000244140625,20,0.22562135078032952,0.5011360456477633,0.3338056413431936,0.3338753019081849,0.6731301939058172
bg_0211,-758.7999877929688,20,0.28999071931090536,0.3077180062531018,0.3492349323314817,0.3544859593938148,0.6795937211449676
bg_0212,-770.7000122070312,20,0.20098034254864008,0.3936826453502969,0.3445840275217656,0.3811857536252319,0.6768236380424746
bg_0213,-752.2999877929688,20,0.36698428653174536,0.3455175980110653,0.37244725735086454,0.3503325452989835,0.6555863342566943
bg_0214,-765.7000122070312,20,0.3902964407199458,0.3372730093558857,0.3395072580679449,0.37381287651393763,0.6943674976915974
bg_0215,-755.9000244140625,20,0.21568779942720842,0.3932236835345975,0.3548684281889278,0.37979396462811,0.6943674976915974
bg_0216,-761.2999877929688,20,0.44710417128729507,0.3567139442184877,0.3576523904683658,0.3560681414406459,0.6472760849492152
bg_0217,-768.2999877929688,20,0.289752234933106,0.42715567632925133,0.3565059457186124,0.3496908891307208,0.6860572483841182
bg_0218,-761.2999877929688,20,0.37241518633494103,0.39176330545257465,0.341094521838579,0.35919157640516974,0.6786703601108033
bg_0219,-778.7999877929688,20,0.2657934574349686,0.4066192793097192,0.33988047480620537,0.36220014370472653,0.6860572483841182
bg_0220,-758.7999877929688,20,0.2810248988725107,0.26789620770177863,0.34544421478267523,0.3675246073345931,0.6805170821791321
bg_0221,-779.4000244140625,20,0.378176619297695,0.28526207534663023,0.35338704275330346,0.3495357723244751,0.667590027700831
bg_0222,-755.0999755859375,20,0.18783167095716635,0.31996045715313814,0.33677474588832734,0.3768317194735792,0.7183748845798708
bg_0223,-753.4000244140625,20,0.35298201133722007,0.3168770653641938,0.34937890181420667,0.3585409565895344,0.6971375807940905
bg_0224,-772.2000122070312,20,0.17846092198630384,0.39364516048426595,0.33688874908455163,0.3809331926632454,0.6805170821791321
bg_0225,-746.9000244140625,20,0.34890432131523996,0.28415687642227566,0.3661385174828241,0.3634023985774471,0.6371191135734072
bg_0226,-769.2999877929688,20,0.2921644978336796,0.1981595871776032,0.33445146944331244,0.36224178444672633,0.703601108033241
bg_0227,-765.5999755859375,20,0.3252982254116735,0.31186213527974666,0.34521107967349546,0.3635247158667812,0.6694367497691598
bg_0228,-766.7000122070312,20,0.16774139598161733,0.39364703495593856,0.34561848241064214,0.3710559704317014,0.6731301939058172
bg_0229,-755.9000244140625,20,0.226184618374585,0.4789436336238699,0.3646305800330016,0.347070414935706,0.6703601108033241
bg_0230,-769.0999755859375,20,0.3977697353859488,0.218403578450913,0.34808026156530364,0.36948542070976015,0.6592797783933518
bg_0231,-756.4000244140625,20,0.23671192940316058,0.4006011795150698,0.3541341897910252,0.37073687939204586,0.6962142197599261
bg_0232,-767.5,20,0.32482894035896,0.15197040411203488,0.34008091858107264,0.36641784305323805,0.6685133887349953
bg_0233,-763.0,20,0.3509797852571258,0.19412982949555346,0.3333218547623773,0.3576053708797812,0.6832871652816251
bg_0234,-771.2999877929688,20,0.19851047638776437,0.39338411225035086,0.3400358646083723,0.38612154743941846,0.6860572483841182
bg_0235,-770.0,20,0.2563799250661759,0.33414550449324454,0.33549818118547947,0.3768033183832321,0.7026777469990766
bg_0236,-775.2000122070312,20,0.16265732438811634,0.3930926202054858,0.32689691727822984,0.37220206160694447,0.6869806094182825
bg_0237,-764.2999877929688,20,0.2441755394388868,0.26074221835557787,0.3367117554489352,0.38387740798311454,0.6786703601108033
bg_0238,-773.9000244140625,20,0.2862497529714346,0.33464818113413153,0.3407026395678742,0.3705018269262779,0.6823638042474608
bg_0239,-772.5999755859375,20,0.1813525078058774,0.30701202588588783,0.32650874556528164,0.3778087227446977,0.6897506925207756
bg_0240,-759.4000244140625,20,0.3052980724773382,0.2218882810830716,0.35565221888513504,0.36189843914170644,0.6795937211449676
bg_0241,-762.0,20,0.3485090330771527,0.3814599450770402,0.35033903740329747,0.34826954788624853,0.6777469990766389
bg_0242,-764.7999877929688,20,0.2786868556447492,0.4208465318863697,0.3443265240858197,0.3619595507741103,0.7082179132040628
bg_0243,-754.0,20,0.17331250663931616,0.39318842351919253,0.33358921484364923,0.3787800549278967,0.7091412742382271
bg_0244,-782.4000244140625,20,0.3903229772419157,0.32730202152367077,0.34272816768423925,0.37226608421421287,0.6879039704524469
bg_0245,-763.5,20,0.35525116540141727,0.11137330198331861,0.35132243281702424,0.3647955198220224,0.6768236380424746
bg_0246,-761.0999755859375,20,0.21973755044515808,0.39158757320019505,0.3599652818554842,0.37359071060813925,0.6574330563250231
bg_0247,-767.0999755859375,20,0.21887451162131885,0.29758988000200287,0.3391794792149577,0.3649737845368237,0.6906740535549399
bg_0248,-754.7000122070312,20,0.30479724360202454,0.36268757171898564,0.3530045664815912,0.375875032414366,0.7091412742382271
bg_0249,-767.0999755859375,20,0.4539392875996176,0.27613203637405,0.3752521073609543,0.3458537477150477,0.641735918744229
