splice_donors,polya_signals,homopolymer_max,gc_window_max,gc_window_min,restriction_sites,correct,mfe,recall,dominates
1,0,4,0.74,0.48,3,False,-739.9000244140625,,False
1,0,5,0.72,0.46,5,False,-770.9000244140625,,False
1,0,4,0.76,0.46,3,False,-769.5,,False
0,1,5,0.72,0.46,9,False,-768.7999877929688,,False
1,0,4,0.74,0.48,2,False,-757.0999755859375,,False
1,0,5,0.76,0.48,2,False,-770.7000122070312,,False
1,0,5,0.76,0.44,2,False,-756.5,,False
0,0,5,0.74,0.46,5,True,-791.2999877929688,0.7043010752688172,False
1,0,4,0.74,0.46,4,False,-753.7000122070312,,False
1,0,5,0.74,0.46,4,False,-768.2000122070312,,False
1,0,5,0.76,0.44,6,False,-763.9000244140625,,False
1,1,5,0.74,0.46,4,False,-775.7999877929688,,False
1,0,5,0.78,0.46,8,False,-752.2000122070312,,False
0,0,5,0.74,0.44,1,True,-765.5,,False
0,1,4,0.8,0.48,1,False,-760.2999877929688,,False
2,0,5,0.72,0.46,3,False,-755.0999755859375,,False
0,0,5,0.8,0.44,4,True,-762.7999877929688,,False
1,0,5,0.7,0.46,5,False,-762.4000244140625,,False
1,0,4,0.78,0.42,3,False,-760.0,,False
1,0,5,0.72,0.44,4,False,-755.4000244140625,,False
0,1,5,0.8,0.46,2,False,-781.7000122070312,0.8010752688172043,True
0,0,4,0.74,0.48,7,True,-780.5,0.8172043010752689,True
0,0,5,0.74,0.46,0,True,-781.5,0.5591397849462365,False
0,0,5,0.76,0.46,8,True,-765.0999755859375,,False
1,0,5,0.74,0.46,3,False,-773.2000122070312,,False
0,0,5,0.76,0.46,7,True,-774.0999755859375,,False
2,0,5,0.72,0.48,2,False,-754.5999755859375,,False
1,0,7,0.78,0.46,1,False,-754.4000244140625,,False
1,0,5,0.78,0.44,5,False,-764.2999877929688,,False
0,0,6,0.76,0.48,5,True,-774.7000122070312,,False
1,0,5,0.74,0.44,2,False,-758.4000244140625,,False
2,0,4,0.7,0.46,4,False,-769.7999877929688,,False
1,0,4,0.74,0.48,5,False,-754.5,,False
0,0,5,0.74,0.46,1,True,-763.0,,False
1,0,5,0.72,0.46,4,False,-761.4000244140625,,False
0,0,5,0.74,0.44,2,True,-781.5,0.7688172043010753,False
1,1,4,0.74,0.46,5,False,-754.7999877929688,,False
1,0,5,0.72,0.46,3,False,-771.0999755859375,,False
0,0,6,0.78,0.46,4,True,-753.2999877929688,,False
0,0,5,0.8,0.44,2,True,-755.4000244140625,,False
0,0,5,0.72,0.48,1,True,-773.7999877929688,,False
3,0,7,0.84,0.46,4,False,-775.0,,False
3,0,6,0.72,0.48,4,False,-771.9000244140625,,False
1,0,5,0.76,0.44,4,False,-773.5999755859375,,False
1,0,6,0.76,0.46,1,False,-766.0,,False
1,0,4,0.74,0.46,5,False,-752.9000244140625,,False
2,0,5,0.74,0.44,1,False,-761.7000122070312,,False
2,0,5,0.74,0.48,0,False,-761.9000244140625,,False
0,0,5,0.74,0.48,4,True,-757.9000244140625,,False
1,1,4,0.74,0.48,3,False,-768.4000244140625,,False
0,0,5,0.76,0.48,3,True,-748.2999877929688,,False
0,0,5,0.74,0.48,3,True,-759.7999877929688,,False
0,0,5,0.74,0.44,6,True,-767.9000244140625,,False
1,0,8,0.74,0.42,1,False,-757.9000244140625,,False
0,0,5,0.74,0.46,3,True,-781.7999877929688,0.7150537634408602,False
0,0,5,0.74,0.48,4,True,-758.9000244140625,,False
0,0,6,0.74,0.46,5,True,-759.7999877929688,,False
2,0,5,0.74,0.44,4,False,-760.0999755859375,,False
1,0,5,0.74,0.44,5,False,-773.5,,False
0,0,5,0.78,0.46,1,True,-777.2000122070312,,False
0,0,5,0.76,0.46,1,True,-772.9000244140625,,False
2,0,5,0.72,0.48,7,False,-752.2999877929688,,False
1,0,5,0.74,0.46,3,False,-767.9000244140625,,False
1,0,5,0.74,0.46,3,False,-772.2999877929688,,False
1,0,6,0.76,0.46,4,False,-771.4000244140625,,False
0,0,5,0.74,0.44,3,True,-775.2000122070312,,False
1,0,5,0.76,0.46,3,False,-770.5,,False
0,0,5,0.78,0.48,2,True,-746.5999755859375,,False
1,0,5,0.72,0.46,1,False,-749.5,,False
2,0,5,0.74,0.46,5,False,-758.7999877929688,,False
0,0,5,0.72,0.42,3,True,-770.2000122070312,,False
0,0,5,0.76,0.46,5,True,-757.9000244140625,,False
1,0,5,0.74,0.48,1,False,-784.0,0.7419354838709677,False
0,0,5,0.72,0.4,6,True,-767.0,,False
2,0,5,0.74,0.46,4,False,-757.0,,False
1,0,5,0.76,0.5,1,False,-760.0,,False
1,0,5,0.76,0.48,4,False,-767.2999877929688,,False
1,0,5,0.74,0.48,2,False,-755.7000122070312,,False
0,1,5,0.78,0.46,5,False,-755.7999877929688,,False
1,0,5,0.72,0.44,2,False,-760.9000244140625,,False
1,0,5,0.8,0.48,2,False,-748.2999877929688,,False
0,0,4,0.72,0.46,1,True,-762.2999877929688,,False
2,0,4,0.76,0.42,2,False,-768.4000244140625,,False
0,0,5,0.74,0.44,2,True,-758.2999877929688,,False
2,0,5,0.72,0.46,4,False,-763.4000244140625,,False
0,0,6,0.76,0.46,3,True,-787.7000122070312,0.8494623655913979,True
0,0,6,0.74,0.48,3,True,-754.2000122070312,,False
0,0,4,0.76,0.46,7,True,-747.0,,False
0,0,7,0.8,0.46,4,True,-766.9000244140625,,False
0,0,5,0.78,0.48,2,True,-765.2999877929688,,False
0,0,5,0.7,0.48,3,True,-751.0999755859375,,False
0,0,5,0.76,0.5,6,True,-756.9000244140625,,False
1,0,5,0.74,0.46,5,False,-757.0,,False
3,0,5,0.72,0.44,2,False,-764.7999877929688,,False
1,0,5,0.74,0.46,3,False,-760.2000122070312,,False
1,0,5,0.76,0.42,3,False,-751.0,,False
1,0,5,0.72,0.48,2,False,-763.0,,False
0,0,6,0.76,0.46,2,True,-757.2999877929688,,False
0,0,5,0.74,0.46,2,True,-766.7999877929688,,False
0,1,5,0.74,0.42,1,False,-767.0999755859375,,False
0,0,5,0.76,0.46,8,True,-745.4000244140625,,False
2,0,5,0.7,0.48,8,False,-761.9000244140625,,False
1,0,5,0.74,0.48,3,False,-771.2000122070312,,False
0,0,6,0.76,0.42,3,True,-782.7000122070312,0.6290322580645161,False
1,0,7,0.74,0.4,0,False,-775.5999755859375,,False
2,0,4,0.74,0.46,3,False,-756.7000122070312,,False
1,0,4,0.74,0.44,4,False,-761.7999877929688,,False
1,0,5,0.76,0.46,1,False,-753.7000122070312,,False
1,0,5,0.78,0.5,3,False,-757.5999755859375,,False
3,0,5,0.76,0.44,4,False,-768.7000122070312,,False
2,0,5,0.74,0.4,3,False,-771.2000122070312,,False
0,0,5,0.74,0.46,5,True,-767.7000122070312,,False
0,0,4,0.74,0.48,4,True,-764.0999755859375,,False
1,0,5,0.74,0.48,4,False,-759.2000122070312,,False
1,0,4,0.74,0.48,2,False,-756.2000122070312,,False
0,0,5,0.78,0.42,2,True,-760.2999877929688,,False
0,0,5,0.78,0.48,3,True,-777.5,,False
1,0,5,0.74,0.4,2,False,-762.2000122070312,,False
1,0,5,0.72,0.44,5,False,-757.2000122070312,,False
1,0,5,0.74,0.46,2,False,-759.5,,False
0,0,5,0.74,0.46,3,True,-766.7000122070312,,False
0,0,4,0.74,0.46,5,True,-784.2999877929688,0.7956989247311828,True
2,0,5,0.78,0.44,1,False,-769.2000122070312,,False
1,0,5,0.72,0.46,5,False,-766.0999755859375,,False
2,0,4,0.74,0.48,5,False,-762.4000244140625,,False
1,1,5,0.74,0.46,1,False,-751.7999877929688,,False
0,0,5,0.72,0.48,3,True,-770.0,,False
1,0,5,0.76,0.48,3,False,-765.4000244140625,,False
1,0,5,0.78,0.42,5,False,-770.0,,False
1,0,5,0.74,0.46,6,False,-756.9000244140625,,False
0,0,5,0.72,0.48,4,True,-786.9000244140625,0.7580645161290323,False
2,0,4,0.76,0.5,3,False,-769.0999755859375,,False
1,0,5,0.76,0.44,1,False,-767.0,,False
1,0,6,0.76,0.48,4,False,-752.2000122070312,,False
2,0,5,0.74,0.46,2,False,-757.9000244140625,,False
1,0,5,0.8,0.46,2,False,-766.2999877929688,,False
2,0,4,0.74,0.44,3,False,-762.5,,False
1,0,5,0.74,0.48,4,False,-772.4000244140625,,False
0,0,5,0.74,0.48,3,True,-765.2999877929688,,False
1,0,4,0.76,0.44,4,False,-774.0999755859375,,False
0,0,4,0.74,0.44,3,True,-747.5,,False
3,0,5,0.74,0.46,4,False,-749.2999877929688,,False
2,0,5,0.72,0.42,3,False,-766.0999755859375,,False
1,0,5,0.76,0.48,4,False,-767.2000122070312,,False
0,0,6,0.72,0.46,5,True,-784.9000244140625,0.8817204301075269,True
1,0,5,0.78,0.44,4,False,-761.2000122070312,,False
1,0,5,0.72,0.46,7,False,-758.5999755859375,,False
0,0,5,0.8,0.46,3,True,-750.0999755859375,,False
1,0,7,0.78,0.44,4,False,-755.4000244140625,,False
0,0,4,0.76,0.46,7,True,-774.4000244140625,,False
0,0,5,0.76,0.48,5,True,-756.0,,False
0,0,5,0.74,0.46,3,True,-755.0999755859375,,False
1,0,5,0.74,0.46,3,False,-771.9000244140625,,False
1,0,5,0.76,0.48,3,False,-778.7000122070312,,False
0,0,4,0.72,0.46,3,True,-755.0999755859375,,False
1,0,5,0.76,0.46,1,False,-761.0999755859375,,False
0,0,6,0.74,0.42,3,True,-758.2000122070312,,False
1,0,5,0.78,0.44,2,False,-764.0,,False
0,0,4,0.7,0.46,3,True,-771.7999877929688,,False
2,0,5,0.72,0.46,5,False,-760.7999877929688,,False
2,0,5,0.72,0.48,3,False,-773.5,,False
1,0,5,0.74,0.44,4,False,-757.5,,False
1,1,5,0.76,0.42,5,False,-751.2999877929688,,False
2,0,5,0.8,0.46,2,False,-777.2999877929688,,False
1,0,4,0.72,0.48,4,False,-770.7999877929688,,False
3,0,4,0.78,0.46,5,False,-761.2000122070312,,False
0,0,5,0.76,0.44,5,True,-770.5,,False
1,0,7,0.76,0.42,3,False,-752.2999877929688,,False
0,0,6,0.78,0.48,3,True,-781.0999755859375,0.8548387096774194,True
2,0,5,0.74,0.46,3,False,-779.2000122070312,,False
1,0,4,0.74,0.46,1,False,-765.4000244140625,,False
0,0,5,0.74,0.48,1,True,-777.5999755859375,,False
0,0,4,0.72,0.46,3,True,-777.5,,False
1,0,5,0.72,0.48,1,False,-773.5,,False
0,0,5,0.74,0.48,2,True,-772.2999877929688,,False
1,0,6,0.78,0.5,2,False,-769.5,,False
0,0,7,0.74,0.46,5,True,-763.7999877929688,,False
0,0,5,0.74,0.48,2,True,-758.7000122070312,,False
2,0,4,0.78,0.46,5,False,-755.0,,False
1,1,4,0.76,0.48,6,False,-759.5,,False
0,0,5,0.72,0.48,4,True,-766.7999877929688,,False
0,0,5,0.78,0.46,4,True,-773.5,,False
0,0,4,0.76,0.48,3,True,-764.5999755859375,,False
0,0,5,0.74,0.46,1,True,-786.5,0.9301075268817204,True
2,0,5,0.78,0.48,2,False,-756.4000244140625,,False
2,0,5,0.74,0.46,3,False,-746.5999755859375,,False
1,0,5,0.74,0.48,4,False,-781.0,0.6666666666666666,False
0,1,5,0.74,0.44,2,False,-782.7000122070312,0.7043010752688172,False
1,0,5,0.76,0.44,5,False,-753.7999877929688,,False
0,0,4,0.72,0.48,4,True,-760.9000244140625,,False
0,1,5,0.74,0.46,3,False,-763.5,,False
1,0,6,0.72,0.46,6,False,-774.2000122070312,,False
1,0,5,0.72,0.48,1,False,-767.5999755859375,,False
0,0,4,0.74,0.46,4,True,-757.2000122070312,,False
0,0,5,0.74,0.48,5,True,-770.7999877929688,,False
0,0,8,0.74,0.46,1,True,-755.5999755859375,,False
1,0,5,0.74,0.44,3,False,-763.7000122070312,,False
0,0,4,0.74,0.46,4,True,-760.5999755859375,,False
0,0,5,0.78,0.44,1,True,-770.0999755859375,,False
0,0,5,0.76,0.48,5,True,-765.9000244140625,,False
2,0,5,0.74,0.46,4,False,-758.0999755859375,,False
1,0,6,0.76,0.48,2,False,-758.0,,False
1,0,5,0.74,0.44,5,False,-769.0,,False
1,0,5,0.74,0.46,1,False,-768.7000122070312,,False
1,0,5,0.74,0.48,2,False,-753.2000122070312,,False
2,0,6,0.74,0.46,2,False,-772.7999877929688,,False
1,0,5,0.78,0.46,2,False,-773.9000244140625,,False
0,0,5,0.74,0.48,5,True,-764.7000122070312,,False
1,0,5,0.72,0.5,2,False,-767.2000122070312,,False
0,0,5,0.72,0.44,4,True,-778.5,,False
2,0,6,0.74,0.44,7,False,-767.2000122070312,,False
1,1,5,0.74,0.44,4,False,-766.0999755859375,,False
0,0,5,0.74,0.48,4,True,-755.5,,False
1,0,5,0.72,0.42,2,False,-761.0999755859375,,False
0,0,5,0.72,0.48,5,True,-765.4000244140625,,False
1,0,5,0.72,0.46,6,False,-760.4000244140625,,False
1,1,4,0.76,0.44,6,False,-780.0,0.6559139784946236,False
1,0,5,0.78,0.44,3,False,-759.0999755859375,,False
1,0,7,0.72,0.46,1,False,-771.5999755859375,,False
2,0,6,0.78,0.46,2,False,-758.5,,False
0,0,5,0.74,0.46,6,True,-764.7000122070312,,False
0,0,5,0.74,0.46,2,True,-769.5,,False
1,0,4,0.76,0.46,2,False,-761.9000244140625,,False
1,1,5,0.78,0.46,3,False,-779.2999877929688,,False
0,0,5,0.7,0.46,5,True,-752.7999877929688,,False
0,0,4,0.72,0.46,5,True,-775.0999755859375,,False
0,0,5,0.74,0.48,4,True,-765.0,,False
1,0,4,0.74,0.46,4,False,-759.2000122070312,,False
1,0,5,0.72,0.44,1,False,-767.2000122070312,,False
0,0,5,0.74,0.46,5,True,-747.0999755859375,,False
4,0,5,0.76,0.44,3,False,-757.9000244140625,,False
2,1,5,0.76,0.48,4,False,-757.0999755859375,,False
2,0,6,0.74,0.46,5,False,-765.4000244140625,,False
0,0,4,0.72,0.48,2,True,-775.7000122070312,,False
0,0,5,0.78,0.48,2,True,-760.0999755859375,,False
0,0,5,0.8,0.42,3,True,-758.0999755859375,,False
0,0,5,0.76,0.42,3,True,-759.4000244140625,,False
1,0,6,0.74,0.48,2,False,-762.7999877929688,,False
0,1,5,0.76,0.46,5,False,-762.2000122070312,,False
2,1,5,0.8,0.46,3,False,-756.7000122070312,,False
0,0,5,0.7,0.48,5,True,-760.5999755859375,,False
1,0,5,0.7,0.46,1,False,-757.4000244140625,,False
1,0,5,0.76,0.4,4,False,-773.0999755859375,,False
1,0,5,0.72,0.46,6,False,-763.2000122070312,,False
0,0,5,0.82,0.44,1,True,-759.2999877929688,,False
2,0,5,0.74,0.44,4,False,-759.9000244140625,,False
2,0,6,0.76,0.46,4,False,-772.2000122070312,,False
3,0,4,0.72,0.46,3,False,-769.2999877929688,,False
0,0,5,0.72,0.48,3,True,-766.7999877929688,,False
0,0,6,0.78,0.44,6,True,-756.2000122070312,,False
1,0,5,0.72,0.48,7,False,-780.0,0.7634408602150538,False
1,0,5,0.74,0.44,5,False,-755.2999877929688,,False
1,0,5,0.76,0.44,2,False,-755.7000122070312,,False
1,0,5,0.74,0.46,3,False,-762.0,,False
1,0,5,0.72,0.46,3,False,-751.7999877929688,,False
1,1,5,0.72,0.42,4,False,-763.0,,False
0,0,5,0.72,0.48,5,True,-759.5,,False
1,0,4,0.72,0.46,2,False,-760.0999755859375,,False
1,0,5,0.78,0.44,3,False,-750.7000122070312,,False
2,0,5,0.74,0.44,3,False,-773.2000122070312,,False
0,0,5,0.74,0.48,1,True,-773.0,,False
0,1,5,0.74,0.46,2,False,-772.2000122070312,,False
2,0,5,0.72,0.48,6,False,-756.2000122070312,,False
1,0,4,0.74,0.46,4,False,-769.7000122070312,,False
0,0,7,0.8,0.46,3,True,-766.0999755859375,,False
1,1,5,0.76,0.44,4,False,-762.7000122070312,,False
1,0,5,0.7,0.46,5,False,-747.7999877929688,,False
0,0,5,0.72,0.48,5,True,-768.7000122070312,,False
1,0,5,0.74,0.46,5,False,-759.7999877929688,,False
0,0,5,0.78,0.46,3,True,-774.2000122070312,,False
1,0,4,0.76,0.46,4,False,-761.2999877929688,,False
0,0,5,0.72,0.44,2,True,-768.0,,False
2,1,5,0.72,0.4,3,False,-766.5999755859375,,False
1,0,5,0.72,0.46,7,False,-760.5,,False
1,0,5,0.7,0.42,6,False,-769.7999877929688,,False
0,0,5,0.74,0.46,2,True,-761.7999877929688,,False
2,0,5,0.76,0.46,5,False,-774.2999877929688,,False
2,1,6,0.7,0.46,2,False,-763.5999755859375,,False
2,0,5,0.74,0.46,3,False,-772.0999755859375,,False
1,0,6,0.74,0.42,2,False,-767.5999755859375,,False
0,0,5,0.72,0.48,5,True,-773.7999877929688,,False
0,1,5,0.78,0.44,5,False,-767.5,,False
0,0,5,0.76,0.48,3,True,-773.2000122070312,,False
0,1,5,0.74,0.42,2,False,-766.4000244140625,,False
0,0,7,0.72,0.46,6,True,-767.2000122070312,,False
1,0,5,0.72,0.44,2,False,-765.0,,False
4,1,5,0.78,0.46,2,False,-775.2000122070312,,False
0,0,4,0.72,0.48,1,True,-769.2000122070312,,False
1,1,5,0.76,0.44,3,False,-755.5999755859375,,False
0,0,4,0.74,0.46,3,True,-780.2000122070312,0.8494623655913979,True
1,0,5,0.74,0.46,3,False,-758.7000122070312,,False
0,0,5,0.74,0.44,3,True,-761.7999877929688,,False
0,0,5,0.72,0.48,4,True,-761.2999877929688,,False
1,0,7,0.76,0.42,1,False,-768.5,,False
1,0,5,0.76,0.48,6,False,-766.0,,False
0,0,4,0.74,0.46,6,True,-758.5999755859375,,False
1,1,6,0.74,0.46,5,False,-767.2999877929688,,False
0,1,5,0.74,0.44,2,False,-770.7000122070312,,False
0,0,5,0.76,0.48,5,True,-764.2999877929688,,False
2,0,5,0.74,0.48,5,False,-759.5,,False
1,0,4,0.74,0.44,4,False,-756.2000122070312,,False
0,0,4,0.72,0.48,4,True,-759.2000122070312,,False
1,0,5,0.76,0.46,2,False,-774.0999755859375,,False
1,0,4,0.78,0.48,3,False,-767.0999755859375,,False
0,0,5,0.74,0.46,6,True,-776.5999755859375,,False
0,0,5,0.74,0.42,4,True,-777.7000122070312,,False
0,1,5,0.74,0.42,3,False,-759.9000244140625,,False
1,0,5,0.74,0.46,4,False,-764.7999877929688,,False
1,0,5,0.74,0.48,2,False,-776.2000122070312,,False
2,0,5,0.74,0.48,3,False,-763.0999755859375,,False
0,0,6,0.72,0.44,3,True,-766.5999755859375,,False
0,0,5,0.78,0.44,8,True,-768.9000244140625,,False
1,0,5,0.74,0.46,2,False,-758.9000244140625,,False
0,0,5,0.72,0.44,5,True,-764.5,,False
0,0,5,0.72,0.48,3,True,-761.0999755859375,,False
1,0,4,0.76,0.46,5,False,-773.2000122070312,,False
1,0,5,0.72,0.48,3,False,-774.0999755859375,,False
0,0,4,0.72,0.48,2,True,-762.2999877929688,,False
1,0,5,0.8,0.42,3,False,-756.7000122070312,,False
0,0,5,0.74,0.46,6,True,-755.2999877929688,,False
3,0,5,0.74,0.46,4,False,-773.7000122070312,,False
1,0,5,0.76,0.44,2,False,-764.2999877929688,,False
0,0,4,0.74,0.46,1,True,-761.9000244140625,,False
1,0,4,0.72,0.46,2,False,-765.7000122070312,,False
0,0,4,0.78,0.46,2,True,-772.7999877929688,,False
0,0,6,0.72,0.48,5,True,-750.0999755859375,,False
2,0,4,0.74,0.46,3,False,-760.2000122070312,,False
1,0,5,0.72,0.44,2,False,-748.2000122070312,,False
1,0,5,0.72,0.4,4,False,-760.5999755859375,,False
2,0,4,0.78,0.46,6,False,-763.2000122070312,,False
1,0,4,0.76,0.44,4,False,-766.4000244140625,,False
0,0,5,0.76,0.46,4,True,-763.7999877929688,,False
1,1,5,0.72,0.46,2,False,-759.9000244140625,,False
1,0,4,0.74,0.48,4,False,-772.2999877929688,,False
2,0,5,0.72,0.46,8,False,-777.0,,False
1,0,5,0.74,0.46,3,False,-766.5,,False
0,0,5,0.74,0.48,1,True,-767.7999877929688,,False
0,0,4,0.74,0.48,2,True,-761.0,,False
0,0,5,0.74,0.46,3,True,-773.4000244140625,,False
3,0,5,0.74,0.48,3,False,-767.0999755859375,,False
1,1,5,0.74,0.46,1,False,-776.2999877929688,,False
0,0,5,0.76,0.46,3,True,-758.5999755859375,,False
2,0,5,0.72,0.44,4,False,-787.7999877929688,0.6989247311827957,False
2,0,5,0.74,0.46,5,False,-764.2999877929688,,False
2,0,5,0.72,0.46,4,False,-760.2000122070312,,False
1,0,5,0.74,0.48,4,False,-766.2999877929688,,False
1,0,4,0.78,0.48,2,False,-757.5999755859375,,False
3,0,4,0.72,0.46,0,False,-766.0,,False
1,1,5,0.72,0.48,1,False,-766.2000122070312,,False
1,0,5,0.74,0.48,2,False,-778.9000244140625,,False
0,0,5,0.72,0.46,7,True,-777.2999877929688,,False
0,0,5,0.74,0.44,1,True,-769.0,,False
1,0,5,0.76,0.42,1,False,-759.2999877929688,,False
0,0,5,0.72,0.5,2,True,-769.7999877929688,,False
0,0,4,0.76,0.46,3,True,-754.7000122070312,,False
1,0,5,0.74,0.5,1,False,-759.2000122070312,,False
2,0,5,0.76,0.44,6,False,-758.2000122070312,,False
0,0,5,0.74,0.42,4,True,-771.2000122070312,,False
0,0,7,0.78,0.48,3,True,-769.0999755859375,,False
3,0,4,0.72,0.46,5,False,-767.0,,False
0,0,5,0.72,0.48,3,True,-780.2999877929688,0.8494623655913979,True
1,0,5,0.78,0.42,3,False,-769.2000122070312,,False
0,0,5,0.76,0.46,3,True,-783.5,0.8172043010752689,True
1,0,4,0.72,0.46,4,False,-762.0999755859375,,False
0,0,4,0.74,0.46,3,True,-767.0,,False
0,0,6,0.72,0.44,7,True,-763.0,,False
0,0,5,0.74,0.46,5,True,-765.2999877929688,,False
1,0,5,0.76,0.42,5,False,-767.2000122070312,,False
2,0,5,0.72,0.48,2,False,-770.0999755859375,,False
1,0,5,0.74,0.46,1,False,-770.2999877929688,,False
0,1,5,0.72,0.46,3,False,-763.0999755859375,,False
0,0,5,0.72,0.48,2,True,-782.4000244140625,0.7311827956989247,False
0,1,5,0.74,0.48,2,False,-764.9000244140625,,False
0,0,5,0.76,0.46,4,True,-765.7999877929688,,False
0,0,5,0.72,0.5,2,True,-757.2999877929688,,False
0,0,5,0.72,0.44,6,True,-776.7000122070312,,False
1,0,5,0.76,0.46,2,False,-776.0999755859375,,False
1,0,4,0.74,0.46,3,False,-753.2000122070312,,False
0,0,4,0.76,0.48,4,True,-768.0,,False
2,0,6,0.7,0.44,4,False,-762.2999877929688,,False
0,0,5,0.72,0.48,4,True,-773.7000122070312,,False
1,0,5,0.74,0.48,5,False,-765.4000244140625,,False
1,0,5,0.8,0.42,4,False,-780.4000244140625,0.6881720430107527,False
0,0,4,0.72,0.44,3,True,-768.2999877929688,,False
1,0,4,0.72,0.46,4,False,-765.5,,False
0,0,5,0.74,0.48,2,True,-764.5,,False
1,0,5,0.74,0.44,4,False,-769.5,,False
0,0,6,0.74,0.44,1,True,-767.5999755859375,,False
0,1,5,0.76,0.38,5,False,-766.5,,False
0,0,5,0.82,0.46,6,True,-771.0999755859375,,False
0,0,5,0.74,0.46,3,True,-774.0999755859375,,False
0,0,5,0.78,0.42,4,True,-777.5,,False
2,0,5,0.76,0.46,2,False,-756.4000244140625,,False
2,0,5,0.72,0.46,4,False,-772.0999755859375,,False
0,0,5,0.8,0.42,3,True,-777.0,,False
0,0,5,0.74,0.48,2,True,-777.7999877929688,,False
0,0,5,0.74,0.42,3,True,-761.5999755859375,,False
1,0,5,0.76,0.48,5,False,-758.5,,False
1,0,6,0.74,0.46,4,False,-750.5,,False
0,0,6,0.74,0.48,1,True,-761.5,,False
0,0,5,0.74,0.48,3,True,-767.9000244140625,,False
1,0,5,0.72,0.48,2,False,-753.5999755859375,,False
1,0,5,0.74,0.48,6,False,-757.2000122070312,,False
1,1,5,0.72,0.46,7,False,-749.2999877929688,,False
0,0,5,0.74,0.48,3,True,-787.5,0.8548387096774194,True
0,0,5,0.74,0.48,5,True,-768.2000122070312,,False
1,0,5,0.78,0.46,4,False,-778.4000244140625,,False
0,0,5,0.7,0.46,3,True,-783.7000122070312,0.6935483870967742,False
0,0,5,0.76,0.46,7,True,-776.0,,False
0,0,4,0.76,0.48,2,True,-769.9000244140625,,False
1,0,5,0.74,0.46,6,False,-769.7000122070312,,False
1,0,6,0.74,0.48,7,False,-769.4000244140625,,False
0,0,5,0.76,0.48,3,True,-773.5,,False
2,0,5,0.72,0.48,2,False,-773.4000244140625,,False
0,0,4,0.72,0.5,4,True,-779.0999755859375,,False
2,0,7,0.78,0.44,5,False,-754.7000122070312,,False
0,0,8,0.76,0.46,4,True,-762.0999755859375,,False
0,0,5,0.72,0.46,7,True,-763.7000122070312,,False
1,0,4,0.72,0.46,4,False,-755.7000122070312,,False
2,0,4,0.74,0.46,5,False,-760.2999877929688,,False
0,0,5,0.72,0.42,2,True,-751.7000122070312,,False
0,0,4,0.76,0.46,4,True,-762.5,,False
0,0,5,0.7,0.46,6,True,-758.2999877929688,,False
1,0,5,0.76,0.4,3,False,-769.7000122070312,,False
1,0,4,0.74,0.48,5,False,-761.7000122070312,,False
2,0,5,0.76,0.44,3,False,-766.7000122070312,,False
0,0,5,0.74,0.5,5,True,-746.7000122070312,,False
0,0,7,0.78,0.42,2,True,-762.5,,False
2,0,6,0.72,0.5,4,False,-761.7000122070312,,False
1,1,5,0.76,0.42,3,False,-761.7999877929688,,False
2,0,6,0.74,0.48,3,False,-754.2999877929688,,False
2,0,5,0.76,0.44,4,False,-755.2000122070312,,False
2,0,5,0.74,0.42,0,False,-767.5,,False
1,0,5,0.72,0.44,1,False,-757.9000244140625,,False
1,1,5,0.74,0.42,1,False,-761.9000244140625,,False
0,0,6,0.76,0.46,2,True,-779.0999755859375,,False
1,1,4,0.76,0.46,4,False,-769.0,,False
1,0,4,0.76,0.44,5,False,-760.9000244140625,,False
0,0,5,0.74,0.46,4,True,-763.2000122070312,,False
1,0,5,0.78,0.48,3,False,-761.0999755859375,,False
2,0,5,0.74,0.46,2,False,-770.0999755859375,,False
0,0,5,0.72,0.48,3,True,-771.5999755859375,,False
0,0,5,0.74,0.46,2,True,-775.7999877929688,,False
2,0,5,0.72,0.46,3,False,-763.2999877929688,,False
2,0,4,0.74,0.44,4,False,-759.0999755859375,,False
3,1,5,0.76,0.46,3,False,-767.5,,False
0,1,5,0.74,0.44,1,False,-766.7999877929688,,False
2,0,4,0.7,0.48,4,False,-770.7999877929688,,False
2,0,5,0.72,0.46,4,False,-761.0999755859375,,False
1,0,5,0.76,0.44,4,False,-758.4000244140625,,False
0,0,5,0.7,0.48,4,True,-758.9000244140625,,False
0,0,4,0.76,0.48,1,True,-779.2000122070312,,False
2,0,5,0.74,0.4,2,False,-763.9000244140625,,False
0,0,5,0.8,0.48,2,True,-754.7000122070312,,False
0,0,7,0.74,0.44,3,True,-767.7999877929688,,False
0,0,5,0.74,0.46,2,True,-757.4000244140625,,False
1,0,5,0.74,0.46,3,False,-778.5999755859375,,False
1,0,5,0.72,0.5,4,False,-764.2000122070312,,False
0,0,5,0.7,0.4,3,True,-769.2999877929688,,False
0,0,5,0.76,0.5,4,True,-752.0,,False
0,0,6,0.74,0.5,5,True,-765.9000244140625,,False
0,0,5,0.72,0.46,6,True,-768.5999755859375,,False
0,0,5,0.74,0.44,2,True,-752.0999755859375,,False
1,0,5,0.74,0.48,4,False,-769.9000244140625,,False
1,0,6,0.76,0.46,3,False,-759.2000122070312,,False
2,0,5,0.76,0.46,4,False,-759.5999755859375,,False
0,0,5,0.74,0.46,4,True,-761.4000244140625,,False
2,0,4,0.72,0.48,0,False,-754.5,,False
0,0,7,0.76,0.44,4,True,-758.7000122070312,,False
0,0,5,0.72,0.48,5,True,-766.5,,False
0,0,5,0.72,0.46,4,True,-755.2000122070312,,False
1,0,5,0.72,0.44,2,False,-768.5,,False
2,0,6,0.76,0.44,3,False,-757.5999755859375,,False
0,0,5,0.74,0.44,1,True,-764.4000244140625,,False
1,1,5,0.72,0.48,5,False,-755.7000122070312,,False
0,0,5,0.72,0.44,4,True,-770.7999877929688,,False
0,0,5,0.74,0.44,6,True,-756.0999755859375,,False
0,0,5,0.72,0.46,3,True,-763.2000122070312,,False
0,0,5,0.72,0.46,1,True,-758.7000122070312,,False
0,1,5,0.74,0.48,5,False,-779.4000244140625,0.8064516129032258,True
0,0,5,0.74,0.46,3,True,-765.2000122070312,,False
0,0,5,0.72,0.44,4,True,-765.0999755859375,,False
0,0,5,0.72,0.44,7,True,-766.2000122070312,,False
2,1,5,0.76,0.44,2,False,-776.0999755859375,,False
1,0,5,0.72,0.46,2,False,-754.5999755859375,,False
0,0,4,0.76,0.44,2,True,-747.7000122070312,,False
0,0,5,0.74,0.44,1,True,-759.7999877929688,,False
2,0,5,0.76,0.46,5,False,-759.9000244140625,,False
1,0,5,0.74,0.46,3,False,-781.0,0.8494623655913979,True
2,0,5,0.78,0.48,4,False,-758.2000122070312,,False
0,0,5,0.72,0.46,3,True,-770.2999877929688,,False
1,0,5,0.72,0.46,3,False,-768.0,,False
1,0,5,0.74,0.46,3,False,-765.2999877929688,,False
0,1,4,0.8,0.44,2,False,-756.2999877929688,,False
0,0,6,0.76,0.46,0,True,-765.2999877929688,,False
1,0,5,0.72,0.48,2,False,-752.5999755859375,,False
2,0,5,0.72,0.44,5,False,-757.0,,False
1,0,4,0.76,0.46,4,False,-761.5999755859375,,False
2,0,5,0.74,0.48,2,False,-754.0999755859375,,False
1,0,6,0.76,0.5,2,False,-761.7999877929688,,False
0,0,5,0.74,0.44,4,True,-773.9000244140625,,False
0,1,5,0.72,0.5,3,False,-766.4000244140625,,False
1,0,5,0.78,0.44,4,False,-753.7000122070312,,False
0,0,5,0.72,0.46,2,True,-755.5,,False
1,0,6,0.78,0.44,3,False,-764.5999755859375,,False
0,0,5,0.72,0.5,3,True,-766.7000122070312,,False
2,0,5,0.76,0.44,4,False,-762.5,,False
0,0,4,0.74,0.48,4,True,-774.5,,False
2,0,5,0.76,0.46,6,False,-767.7000122070312,,False
0,1,6,0.76,0.4,4,False,-753.4000244140625,,False
1,0,5,0.72,0.46,6,False,-763.2999877929688,,False
0,0,5,0.74,0.48,1,True,-773.9000244140625,,False
0,0,5,0.74,0.46,4,True,-790.9000244140625,0.8602150537634409,True
1,0,5,0.72,0.48,2,False,-765.4000244140625,,False
0,0,4,0.78,0.46,1,True,-780.0,0.8817204301075269,True
0,0,5,0.72,0.48,3,True,-768.0,,False
1,0,4,0.72,0.42,2,False,-750.2999877929688,,False
1,0,5,0.74,0.46,1,False,-766.0999755859375,,False
0,0,5,0.72,0.46,4,True,-767.0,,False
0,0,5,0.72,0.46,2,True,-767.7000122070312,,False
2,0,5,0.76,0.4,3,False,-756.7000122070312,,False
1,0,5,0.78,0.46,3,False,-772.0,,False
1,0,5,0.7,0.44,2,False,-757.2000122070312,,False
2,0,5,0.76,0.44,2,False,-764.4000244140625,,False
0,0,5,0.76,0.46,3,True,-760.9000244140625,,False
1,0,5,0.74,0.46,2,False,-763.5999755859375,,False
0,0,5,0.76,0.46,2,True,-770.5999755859375,,False
1,0,5,0.72,0.44,3,False,-751.0,,False
2,0,6,0.76,0.46,8,False,-768.5999755859375,,False
2,1,7,0.78,0.44,0,False,-768.9000244140625,,False
1,0,6,0.74,0.44,3,False,-768.2999877929688,,False
1,0,5,0.74,0.48,2,False,-754.0,,False
0,0,5,0.76,0.46,6,True,-761.2999877929688,,False
0,0,5,0.74,0.48,3,True,-769.7000122070312,,False
1,0,7,0.76,0.44,1,False,-769.5,,False
0,0,5,0.72,0.48,5,True,-752.2999877929688,,False
0,0,5,0.72,0.46,2,True,-760.7999877929688,,False
0,0,4,0.74,0.44,3,True,-763.2999877929688,,False
0,0,5,0.68,0.48,4,True,-780.7999877929688,0.8602150537634409,True
2,0,5,0.72,0.44,6,False,-764.5,,False
2,0,4,0.74,0.44,1,False,-772.5999755859375,,False
0,0,5,0.76,0.46,4,True,-755.9000244140625,,False
3,0,6,0.74,0.46,9,False,-770.2999877929688,,False
1,0,5,0.74,0.48,4,False,-776.7000122070312,,False
0,0,7,0.74,0.46,3,True,-751.5999755859375,,False
0,0,5,0.7,0.48,3,True,-766.2000122070312,,False
1,0,5,0.8,0.46,2,False,-760.2999877929688,,False
0,0,4,0.74,0.44,2,True,-769.0,,False
1,0,4,0.68,0.46,6,False,-762.5,,False
2,0,5,0.74,0.48,4,False,-768.2999877929688,,False
0,0,5,0.74,0.48,1,True,-764.7000122070312,,False
1,0,5,0.74,0.46,2,False,-775.2999877929688,,False
1,0,4,0.74,0.5,3,False,-762.0999755859375,,False
0,0,5,0.72,0.48,3,True,-764.2999877929688,,False
2,0,5,0.74,0.44,2,False,-771.5,,False
1,0,5,0.76,0.46,4,False,-765.4000244140625,,False
1,0,4,0.72,0.5,6,False,-782.5,0.8010752688172043,True
0,0,6,0.74,0.46,2,True,-762.0,,False
2,0,5,0.72,0.48,3,False,-771.2999877929688,,False
0,1,5,0.76,0.46,4,False,-766.2999877929688,,False
0,0,5,0.72,0.48,3,True,-764.7000122070312,,False
0,0,4,0.72,0.5,2,True,-774.0999755859375,,False
2,0,5,0.72,0.48,6,False,-772.7000122070312,,False
1,0,5,0.74,0.44,3,False,-774.5,,False
0,1,5,0.74,0.46,3,False,-763.5,,False
3,0,5,0.78,0.44,6,False,-778.0999755859375,,False
1,0,5,0.72,0.48,4,False,-771.5,,False
2,0,5,0.74,0.46,3,False,-784.0,0.7688172043010753,False
0,0,5,0.78,0.46,4,True,-766.4000244140625,,False
0,0,5,0.76,0.46,1,True,-776.2999877929688,,False
0,0,5,0.76,0.42,2,True,-761.5999755859375,,False
0,0,5,0.74,0.46,5,True,-756.4000244140625,,False
0,0,5,0.74,0.46,4,True,-776.0999755859375,,False
0,0,5,0.74,0.46,5,True,-759.2000122070312,,False
0,0,5,0.74,0.46,5,True,-756.7000122070312,,False
2,0,6,0.76,0.42,2,False,-757.7000122070312,,False
0,0,6,0.74,0.46,2,True,-771.4000244140625,,False
2,0,6,0.76,0.46,1,False,-760.7999877929688,,False
0,0,4,0.76,0.46,5,True,-755.2000122070312,,False
2,0,4,0.72,0.48,3,False,-781.0,0.8548387096774194,True
0,0,5,0.72,0.46,5,True,-772.2999877929688,,False
1,0,6,0.72,0.46,5,False,-769.0,,False
0,0,4,0.74,0.42,4,True,-756.0,,False
2,0,5,0.72,0.46,4,False,-755.9000244140625,,False
2,0,5,0.72,0.46,5,False,-760.2000122070312,,False
0,0,4,0.74,0.46,4,True,-762.5999755859375,,False
0,0,4,0.74,0.46,1,True,-776.0999755859375,,False
1,0,5,0.74,0.48,3,False,-763.7000122070312,,False
0,0,5,0.74,0.44,5,True,-773.9000244140625,,False
0,1,5,0.74,0.44,2,False,-758.5999755859375,,False
0,0,3,0.76,0.46,4,True,-768.2999877929688,,False
2,0,4,0.74,0.46,5,False,-749.4000244140625,,False
0,0,5,0.74,0.46,4,True,-751.0,,False
0,0,5,0.74,0.44,3,True,-761.5999755859375,,False
1,0,5,0.76,0.46,5,False,-763.7000122070312,,False
0,1,5,0.76,0.42,2,False,-758.2999877929688,,False
1,0,5,0.74,0.44,7,False,-768.4000244140625,,False
1,0,4,0.7,0.48,4,False,-775.2999877929688,,False
1,0,4,0.76,0.46,1,False,-755.4000244140625,,False
1,0,6,0.74,0.46,6,False,-763.0,,False
1,0,5,0.72,0.46,4,False,-759.7000122070312,,False
0,0,4,0.76,0.5,4,True,-759.5,,False
2,0,5,0.78,0.46,1,False,-776.5,,False
0,0,4,0.72,0.48,7,True,-763.4000244140625,,False
0,0,6,0.8,0.44,5,True,-767.5,,False
1,0,5,0.76,0.48,2,False,-763.7999877929688,,False
0,0,5,0.74,0.48,3,True,-774.2000122070312,,False
2,0,5,0.72,0.48,6,False,-763.4000244140625,,False
0,0,5,0.74,0.44,1,True,-758.9000244140625,,False
0,1,5,0.72,0.46,3,False,-764.0,,False
0,0,5,0.7,0.46,4,True,-773.2999877929688,,False
0,0,5,0.74,0.5,4,True,-779.7999877929688,0.6236559139784946,False
2,0,5,0.72,0.48,7,False,-768.7999877929688,,False
2,1,5,0.78,0.44,4,False,-770.2999877929688,,False
1,0,5,0.76,0.44,4,False,-761.7999877929688,,False
0,0,5,0.74,0.44,2,True,-764.5,,False
1,0,6,0.74,0.46,5,False,-771.0999755859375,,False
0,0,6,0.7,0.46,5,True,-752.5999755859375,,False
1,0,5,0.72,0.46,5,False,-752.7999877929688,,False
0,0,5,0.74,0.44,4,True,-762.0,,False
2,1,5,0.76,0.44,4,False,-767.2999877929688,,False
2,0,5,0.74,0.46,4,False,-764.2000122070312,,False
0,0,5,0.74,0.46,4,True,-760.7000122070312,,False
0,0,5,0.72,0.5,6,True,-760.5,,False
0,0,6,0.74,0.42,4,True,-764.7999877929688,,False
1,0,5,0.76,0.46,1,False,-773.4000244140625,,False
0,1,6,0.76,0.42,5,False,-775.2999877929688,,False
0,0,5,0.76,0.48,1,True,-763.2000122070312,,False
0,0,4,0.78,0.44,1,True,-759.7999877929688,,False
0,0,5,0.74,0.44,3,True,-767.2000122070312,,False
1,0,6,0.74,0.44,2,False,-779.9000244140625,0.7096774193548387,False
2,0,5,0.74,0.44,1,False,-761.2999877929688,,False
0,0,6,0.76,0.46,5,True,-776.0999755859375,,False
1,0,5,0.72,0.48,4,False,-761.5,,False
0,0,6,0.72,0.46,4,True,-758.5,,False
2,0,4,0.74,0.46,3,False,-759.0999755859375,,False
0,0,5,0.76,0.44,4,True,-756.2999877929688,,False
0,0,5,0.74,0.46,2,True,-766.7000122070312,,False
1,0,5,0.74,0.5,0,False,-766.5,,False
1,0,5,0.74,0.46,0,False,-754.0,,False
0,0,4,0.74,0.44,3,True,-763.2999877929688,,False
2,0,7,0.74,0.42,4,False,-761.5,,False
1,0,5,0.72,0.48,5,False,-757.5999755859375,,False
1,0,5,0.74,0.46,2,False,-765.5999755859375,,False
1,0,5,0.74,0.46,1,False,-763.0,,False
0,0,4,0.72,0.46,3,True,-763.2000122070312,,False
1,0,5,0.74,0.46,5,False,-764.5999755859375,,False
1,0,5,0.76,0.44,4,False,-762.0,,False
1,0,5,0.74,0.42,0,False,-768.9000244140625,,False
1,0,5,0.76,0.48,1,False,-755.7000122070312,,False
1,0,5,0.74,0.48,2,False,-769.5999755859375,,False
1,0,5,0.74,0.44,6,False,-758.5999755859375,,False
0,0,5,0.74,0.44,2,True,-764.5999755859375,,False
0,0,6,0.72,0.46,2,True,-763.7999877929688,,False
2,1,5,0.72,0.44,5,False,-786.7000122070312,0.6182795698924731,False
0,0,6,0.74,0.46,4,True,-767.2999877929688,,False
2,0,4,0.76,0.4,1,False,-759.2999877929688,,False
1,0,5,0.74,0.46,5,False,-748.0999755859375,,False
0,0,5,0.72,0.5,2,True,-761.2000122070312,,False
0,0,5,0.72,0.44,3,True,-761.5,,False
0,0,5,0.74,0.46,5,True,-764.7999877929688,,False
1,0,5,0.74,0.46,6,False,-759.9000244140625,,False
0,0,5,0.72,0.48,1,True,-772.2000122070312,,False
2,0,5,0.74,0.44,5,False,-757.7999877929688,,False
2,0,5,0.74,0.48,6,False,-763.7999877929688,,False
1,0,6,0.74,0.48,2,False,-766.0999755859375,,False
0,0,5,0.74,0.44,3,True,-762.5999755859375,,False
1,0,6,0.72,0.44,2,False,-761.0,,False
1,0,5,0.78,0.4,5,False,-760.5999755859375,,False
1,0,5,0.74,0.48,4,False,-762.9000244140625,,False
1,0,5,0.76,0.46,3,False,-763.2000122070312,,False
1,0,5,0.74,0.48,3,False,-760.5,,False
0,0,5,0.78,0.48,3,True,-744.7000122070312,,False
0,0,7,0.8,0.46,2,True,-758.4000244140625,,False
1,0,7,0.74,0.46,2,False,-778.2999877929688,,False
0,0,5,0.74,0.48,4,True,-760.2000122070312,,False
0,0,5,0.76,0.42,3,True,-769.2000122070312,,False
1,1,5,0.72,0.48,3,False,-762.7999877929688,,False
0,0,4,0.74,0.44,0,True,-762.0999755859375,,False
2,0,5,0.74,0.42,6,False,-762.0,,False
0,0,5,0.74,0.46,5,True,-784.7999877929688,0.5967741935483871,False
0,0,7,0.76,0.46,4,True,-751.2000122070312,,False
0,0,5,0.76,0.5,6,True,-756.2000122070312,,False
1,1,6,0.74,0.42,4,False,-765.2000122070312,,False
0,0,5,0.72,0.48,4,True,-754.5,,False
2,0,5,0.72,0.46,4,False,-771.0,,False
1,0,5,0.72,0.48,4,False,-774.2999877929688,,False
1,0,5,0.76,0.46,2,False,-746.4000244140625,,False
0,0,4,0.74,0.48,3,True,-770.9000244140625,,False
0,0,5,0.74,0.46,2,True,-746.7000122070312,,False
0,0,5,0.74,0.46,2,True,-755.2000122070312,,False
2,0,5,0.74,0.46,4,False,-758.7999877929688,,False
0,0,4,0.72,0.48,1,True,-761.2999877929688,,False
0,0,5,0.76,0.44,4,True,-765.9000244140625,,False
1,0,5,0.76,0.44,4,False,-767.7999877929688,,False
0,0,5,0.72,0.44,1,True,-769.0999755859375,,False
0,0,5,0.76,0.42,5,True,-771.2999877929688,,False
2,0,5,0.78,0.46,4,False,-751.5,,False
1,0,6,0.72,0.46,1,False,-765.9000244140625,,False
1,1,4,0.74,0.46,4,False,-756.9000244140625,,False
0,0,5,0.74,0.46,4,True,-762.5999755859375,,False
2,0,5,0.74,0.44,1,False,-756.5,,False
0,0,6,0.78,0.5,1,True,-749.2999877929688,,False
0,0,5,0.76,0.42,3,True,-766.2999877929688,,False
2,0,4,0.76,0.42,4,False,-764.0,,False
1,0,5,0.74,0.46,4,False,-752.7000122070312,,False
1,1,5,0.72,0.46,4,False,-769.7999877929688,,False
1,0,4,0.74,0.46,2,False,-761.7000122070312,,False
0,0,5,0.76,0.46,2,True,-789.9000244140625,0.7258064516129032,False
0,0,5,0.76,0.5,2,True,-763.4000244140625,,False
0,0,5,0.74,0.42,4,True,-766.2999877929688,,False
0,0,6,0.76,0.48,3,True,-752.7999877929688,,False
0,0,5,0.76,0.46,4,True,-773.5,,False
1,0,7,0.74,0.46,4,False,-757.2999877929688,,False
1,0,5,0.74,0.44,3,False,-770.4000244140625,,False
1,0,5,0.78,0.4,4,False,-769.0999755859375,,False
3,0,4,0.78,0.46,3,False,-775.5999755859375,,False
1,0,5,0.74,0.48,3,False,-753.5999755859375,,False
1,0,4,0.72,0.42,3,False,-771.5999755859375,,False
1,0,5,0.74,0.48,3,False,-762.5,,False
2,0,6,0.8,0.48,2,False,-767.9000244140625,,False
1,0,5,0.76,0.46,6,False,-758.0999755859375,,False
0,0,7,0.78,0.48,0,True,-772.9000244140625,,False
0,0,7,0.72,0.5,4,True,-764.0999755859375,,False
0,1,5,0.72,0.46,3,False,-756.5999755859375,,False
0,0,5,0.72,0.46,6,True,-769.5999755859375,,False
1,0,4,0.7,0.44,3,False,-766.0,,False
2,0,5,0.74,0.48,3,False,-764.9000244140625,,False
0,0,5,0.72,0.48,2,True,-768.5,,False
0,0,5,0.72,0.44,3,True,-760.4000244140625,,False
0,1,5,0.76,0.46,6,False,-748.5999755859375,,False
2,0,5,0.76,0.46,4,False,-762.9000244140625,,False
0,0,8,0.76,0.42,1,True,-758.9000244140625,,False
1,1,5,0.74,0.44,3,False,-758.0999755859375,,False
0,0,4,0.74,0.5,5,True,-777.2999877929688,,False
1,0,5,0.74,0.48,5,False,-759.9000244140625,,False
0,0,5,0.78,0.4,7,True,-783.2000122070312,0.7688172043010753,False
1,1,5,0.76,0.46,4,False,-770.4000244140625,,False
0,0,6,0.74,0.5,2,True,-761.0,,False
1,1,4,0.76,0.42,3,False,-772.5999755859375,,False
0,0,5,0.76,0.46,2,True,-751.7000122070312,,False
1,0,4,0.74,0.5,3,False,-751.2999877929688,,False
2,0,4,0.72,0.48,4,False,-764.0,,False
0,0,6,0.76,0.44,2,True,-762.7999877929688,,False
1,0,5,0.76,0.46,2,False,-766.7999877929688,,False
1,0,5,0.76,0.46,3,False,-777.5999755859375,,False
0,0,5,0.72,0.46,2,True,-769.4000244140625,,False
2,0,6,0.76,0.48,3,False,-783.7000122070312,0.6989247311827957,False
1,0,4,0.74,0.46,1,False,-763.2999877929688,,False
1,0,5,0.76,0.46,3,False,-762.9000244140625,,False
1,0,5,0.7,0.42,1,False,-755.2999877929688,,False
1,1,4,0.74,0.44,1,False,-758.0,,False
1,0,4,0.72,0.44,3,False,-749.5,,False
1,0,5,0.76,0.46,7,False,-756.2999877929688,,False
0,0,5,0.7,0.44,3,True,-771.5,,False
1,0,5,0.72,0.48,3,False,-772.4000244140625,,False
2,0,5,0.72,0.44,2,False,-765.7000122070312,,False
2,0,5,0.74,0.48,1,False,-752.0,,False
0,0,5,0.74,0.44,2,True,-765.5,,False
2,0,4,0.72,0.44,0,False,-755.5999755859375,,False
1,0,5,0.74,0.5,4,False,-768.9000244140625,,False
0,0,5,0.78,0.48,1,True,-752.0999755859375,,False
1,0,5,0.76,0.46,2,False,-763.0,,False
2,0,5,0.72,0.46,4,False,-774.7000122070312,,False
0,1,5,0.76,0.46,6,False,-772.5999755859375,,False
1,0,7,0.74,0.46,3,False,-759.5,,False
0,0,5,0.76,0.46,4,True,-781.2000122070312,0.8387096774193549,True
2,0,5,0.7,0.44,5,False,-759.2999877929688,,False
1,0,5,0.72,0.46,6,False,-766.7000122070312,,False
2,0,4,0.72,0.48,3,False,-760.0999755859375,,False
1,0,5,0.76,0.48,1,False,-776.9000244140625,,False
0,0,5,0.74,0.48,3,True,-765.7000122070312,,False
1,1,5,0.76,0.44,4,False,-762.7000122070312,,False
0,0,3,0.74,0.46,4,True,-763.2999877929688,,False
0,0,5,0.78,0.46,3,True,-776.7000122070312,,False
2,0,5,0.74,0.42,5,False,-763.9000244140625,,False
0,1,5,0.74,0.48,6,False,-766.4000244140625,,False
1,0,5,0.7,0.42,5,False,-750.0999755859375,,False
0,1,5,0.72,0.48,5,False,-764.7999877929688,,False
1,0,4,0.72,0.48,2,False,-767.5999755859375,,False
0,0,5,0.72,0.48,3,True,-757.9000244140625,,False
3,0,4,0.78,0.46,1,False,-764.7000122070312,,False
0,0,5,0.72,0.46,1,True,-769.0999755859375,,False
1,0,5,0.74,0.48,3,False,-760.0999755859375,,False
1,0,5,0.72,0.48,2,False,-758.5999755859375,,False
0,0,7,0.76,0.48,1,True,-768.9000244140625,,False
2,0,5,0.78,0.44,3,False,-762.5,,False
1,0,5,0.72,0.48,3,False,-776.7999877929688,,False
2,0,5,0.74,0.48,3,False,-777.0999755859375,,False
1,1,5,0.72,0.48,5,False,-782.0999755859375,0.7634408602150538,False
1,1,5,0.74,0.44,3,False,-763.5,,False
1,0,5,0.74,0.42,3,False,-765.2000122070312,,False
0,0,4,0.78,0.44,2,True,-774.2000122070312,,False
3,0,5,0.76,0.48,5,False,-766.0999755859375,,False
1,0,5,0.7,0.48,1,False,-748.7000122070312,,False
1,0,7,0.78,0.42,3,False,-761.7000122070312,,False
1,0,5,0.74,0.46,2,False,-776.5,,False
1,0,5,0.78,0.46,4,False,-755.2999877929688,,False
2,0,5,0.74,0.46,6,False,-773.9000244140625,,False
1,0,4,0.78,0.46,0,False,-763.9000244140625,,False
0,1,6,0.72,0.48,3,False,-762.5,,False
1,0,5,0.76,0.46,3,False,-759.7999877929688,,False
0,0,5,0.76,0.48,4,True,-766.7999877929688,,False
0,0,4,0.7,0.44,4,True,-752.0999755859375,,False
0,0,5,0.72,0.48,5,True,-757.7000122070312,,False
1,0,5,0.74,0.46,3,False,-759.0,,False
1,0,5,0.74,0.46,3,False,-759.2999877929688,,False
0,0,5,0.72,0.46,4,True,-753.7999877929688,,False
0,0,7,0.78,0.46,1,True,-757.2999877929688,,False
0,0,5,0.74,0.5,4,True,-771.7000122070312,,False
0,0,5,0.78,0.44,3,True,-773.7000122070312,,False
0,0,6,0.78,0.46,3,True,-758.5,,False
0,0,5,0.76,0.48,3,True,-763.0,,False
1,0,5,0.74,0.46,2,False,-776.0,,False
0,0,4,0.72,0.46,3,True,-778.0,,False
0,0,7,0.74,0.46,4,True,-760.0,,False
0,0,5,0.74,0.4,5,True,-760.2999877929688,,False
2,0,5,0.74,0.46,2,False,-772.2000122070312,,False
1,0,7,0.74,0.44,2,False,-747.7000122070312,,False
0,0,5,0.74,0.42,4,True,-768.0999755859375,,False
1,0,5,0.74,0.44,4,False,-768.2999877929688,,False
0,1,6,0.74,0.48,3,False,-774.0,,False
0,1,5,0.8,0.48,6,False,-765.2000122070312,,False
2,0,5,0.72,0.48,5,False,-763.9000244140625,,False
1,1,4,0.74,0.42,4,False,-764.9000244140625,,False
1,0,6,0.74,0.5,3,False,-761.5999755859375,,False
0,0,5,0.74,0.46,2,True,-752.2000122070312,,False
1,0,4,0.74,0.42,3,False,-766.2999877929688,,False
0,0,5,0.74,0.44,4,True,-769.7999877929688,,False
0,0,4,0.76,0.42,4,True,-782.5,0.6989247311827957,False
1,0,6,0.74,0.46,2,False,-759.0999755859375,,False
2,0,6,0.74,0.48,1,False,-772.2999877929688,,False
0,0,4,0.76,0.44,2,True,-775.5,,False
0,0,6,0.74,0.5,2,True,-775.4000244140625,,False
2,0,5,0.74,0.46,6,False,-778.0999755859375,,False
0,0,5,0.74,0.44,5,True,-765.7000122070312,,False
1,0,5,0.74,0.46,3,False,-768.5999755859375,,False
1,0,5,0.72,0.46,3,False,-767.2999877929688,,False
0,0,5,0.76,0.42,6,True,-756.7999877929688,,False
0,0,5,0.76,0.48,3,True,-770.2000122070312,,False
0,0,5,0.72,0.48,2,True,-751.0,,False
1,0,5,0.78,0.48,2,False,-759.2000122070312,,False
0,0,4,0.74,0.42,5,True,-757.9000244140625,,False
0,0,5,0.72,0.46,4,True,-758.9000244140625,,False
1,0,4,0.74,0.46,1,False,-781.0,0.6451612903225806,False
1,0,5,0.78,0.46,4,False,-762.2000122070312,,False
0,0,4,0.74,0.44,3,True,-764.2999877929688,,False
0,0,5,0.72,0.48,8,True,-770.0,,False
0,0,6,0.76,0.46,6,True,-773.0,,False
1,0,5,0.74,0.5,5,False,-765.9000244140625,,False
1,0,5,0.76,0.46,3,False,-775.4000244140625,,False
0,0,4,0.72,0.48,4,True,-769.0999755859375,,False
0,0,5,0.74,0.46,3,True,-781.5999755859375,0.7580645161290323,False
1,0,7,0.72,0.48,1,False,-762.0999755859375,,False
1,0,5,0.72,0.48,5,False,-769.9000244140625,,False
2,0,4,0.72,0.46,2,False,-758.2999877929688,,False
1,0,5,0.72,0.46,5,False,-770.4000244140625,,False
0,0,5,0.72,0.42,0,True,-768.4000244140625,,False
0,0,5,0.72,0.48,4,True,-757.4000244140625,,False
0,0,4,0.76,0.42,4,True,-753.9000244140625,,False
1,0,6,0.76,0.44,4,False,-757.4000244140625,,False
0,0,5,0.74,0.44,4,True,-766.5999755859375,,False
0,0,5,0.72,0.44,3,True,-779.9000244140625,0.7688172043010753,False
0,0,5,0.72,0.44,1,True,-764.5,,False
1,0,5,0.74,0.48,3,False,-763.2000122070312,,False
1,0,4,0.72,0.46,4,False,-769.2999877929688,,False
0,0,5,0.78,0.44,3,True,-768.0,,False
0,0,5,0.72,0.48,0,True,-761.9000244140625,,False
1,0,5,0.78,0.4,4,False,-783.2000122070312,0.7903225806451613,False
1,0,5,0.72,0.46,4,False,-759.4000244140625,,False
2,0,5,0.8,0.46,1,False,-786.5999755859375,0.8440860215053764,True
0,0,7,0.76,0.46,2,True,-778.5,,False
2,0,5,0.74,0.46,5,False,-763.9000244140625,,False
0,0,5,0.78,0.48,5,True,-766.0999755859375,,False
1,0,5,0.76,0.44,3,False,-742.5,,False
0,1,5,0.76,0.46,4,False,-756.7000122070312,,False
0,0,3,0.72,0.44,3,True,-774.5999755859375,,False
0,0,5,0.74,0.48,7,True,-756.5,,False
1,0,5,0.74,0.48,2,False,-774.5999755859375,,False
1,0,4,0.74,0.46,3,False,-769.0999755859375,,False
0,0,6,0.72,0.48,3,True,-767.9000244140625,,False
0,0,5,0.72,0.46,6,True,-759.2000122070312,,False
1,0,5,0.72,0.46,1,False,-758.0,,False
0,1,5,0.76,0.48,3,False,-768.7999877929688,,False
2,0,5,0.76,0.48,3,False,-763.5999755859375,,False
1,0,5,0.76,0.44,4,False,-763.5,,False
0,0,5,0.78,0.46,4,True,-755.7000122070312,,False
3,0,5,0.72,0.5,1,False,-758.5999755859375,,False
1,0,5,0.76,0.48,2,False,-777.5999755859375,,False
1,1,3,0.76,0.48,7,False,-756.5999755859375,,False
0,0,5,0.8,0.44,5,True,-770.7000122070312,,False
0,0,5,0.74,0.46,3,True,-784.7999877929688,0.8494623655913979,True
0,0,5,0.72,0.48,6,True,-760.9000244140625,,False
1,0,5,0.78,0.46,2,False,-766.4000244140625,,False
1,0,5,0.74,0.48,4,False,-755.2999877929688,,False
1,0,5,0.72,0.48,1,False,-769.2000122070312,,False
0,0,6,0.74,0.44,2,True,-760.7000122070312,,False
1,0,5,0.74,0.46,1,False,-770.7000122070312,,False
1,0,5,0.74,0.46,5,False,-768.5,,False
0,0,5,0.72,0.44,6,True,-771.0,,False
1,0,4,0.76,0.44,2,False,-760.4000244140625,,False
2,0,5,0.74,0.5,6,False,-755.0,,False
1,0,5,0.76,0.46,3,False,-768.4000244140625,,False
0,0,5,0.74,0.5,2,True,-773.7999877929688,,False
0,0,5,0.76,0.48,5,True,-759.5,,False
1,0,6,0.82,0.48,4,False,-753.9000244140625,,False
1,0,5,0.8,0.46,2,False,-767.2999877929688,,False
1,0,7,0.72,0.44,2,False,-755.7000122070312,,False
0,0,5,0.74,0.46,2,True,-756.2999877929688,,False
1,0,5,0.78,0.46,5,False,-771.7999877929688,,False
1,0,5,0.76,0.44,4,False,-758.2000122070312,,False
1,0,5,0.74,0.44,2,False,-775.7999877929688,,False
0,0,5,0.76,0.44,2,True,-774.9000244140625,,False
0,1,5,0.74,0.46,1,False,-757.0999755859375,,False
2,0,5,0.72,0.46,6,False,-771.7000122070312,,False
2,0,5,0.72,0.46,3,False,-763.7999877929688,,False
2,0,5,0.76,0.44,6,False,-760.0999755859375,,False
0,0,3,0.72,0.48,1,True,-751.0999755859375,,False
0,0,5,0.76,0.48,2,True,-761.2000122070312,,False
0,0,4,0.76,0.48,2,True,-758.2000122070312,,False
0,0,5,0.72,0.46,2,True,-756.5999755859375,,False
2,0,5,0.76,0.44,2,False,-761.9000244140625,,False
2,0,5,0.74,0.48,6,False,-757.5999755859375,,False
2,0,5,0.74,0.44,3,False,-759.5999755859375,,False
0,0,5,0.76,0.48,3,True,-754.9000244140625,,False
0,1,5,0.74,0.42,5,False,-778.9000244140625,,False
2,0,6,0.76,0.4,5,False,-768.5,,False
1,0,4,0.76,0.46,4,False,-747.5999755859375,,False
0,0,5,0.76,0.46,2,True,-758.0,,False
2,0,5,0.72,0.46,4,False,-775.4000244140625,,False
0,0,7,0.78,0.46,4,True,-760.2000122070312,,False
0,0,5,0.72,0.48,3,True,-767.2999877929688,,False
1,0,6,0.74,0.46,5,False,-775.7000122070312,,False
0,0,4,0.76,0.48,4,True,-764.2000122070312,,False
1,0,5,0.72,0.46,0,False,-753.5,,False
0,0,5,0.74,0.46,1,True,-769.7999877929688,,False
0,0,5,0.72,0.44,4,True,-784.0999755859375,0.6935483870967742,False
1,0,5,0.72,0.44,7,False,-759.2000122070312,,False
1,0,5,0.78,0.48,1,False,-771.7999877929688,,False
1,0,4,0.74,0.48,2,False,-753.9000244140625,,False
1,0,5,0.72,0.44,3,False,-768.2999877929688,,False
2,0,6,0.74,0.46,2,False,-766.9000244140625,,False
1,0,5,0.74,0.46,2,False,-769.7000122070312,,False
1,0,5,0.72,0.5,5,False,-766.0999755859375,,False
1,0,5,0.74,0.44,3,False,-765.4000244140625,,False
0,0,5,0.74,0.44,6,True,-773.7000122070312,,False
1,0,5,0.74,0.48,6,False,-755.7999877929688,,False
2,0,4,0.76,0.48,3,False,-754.2999877929688,,False
3,0,5,0.74,0.48,4,False,-765.7999877929688,,False
0,0,5,0.72,0.44,3,True,-771.0999755859375,,False
1,0,5,0.76,0.48,2,False,-769.7999877929688,,False
2,0,6,0.78,0.44,4,False,-762.4000244140625,,False
0,0,5,0.76,0.46,3,True,-761.0999755859375,,False
0,0,4,0.72,0.46,6,True,-761.4000244140625,,False
1,0,5,0.72,0.48,0,False,-769.2999877929688,,False
0,0,5,0.76,0.48,1,True,-756.0,,False
3,0,4,0.74,0.44,2,False,-760.2999877929688,,False
0,0,6,0.8,0.48,2,True,-751.9000244140625,,False
1,0,5,0.72,0.48,2,False,-762.7000122070312,,False
0,0,5,0.74,0.48,3,True,-777.5,,False
1,1,6,0.72,0.42,4,False,-755.4000244140625,,False
0,0,5,0.76,0.46,3,True,-765.5999755859375,,False
1,1,5,0.72,0.5,4,False,-748.9000244140625,,False
1,0,5,0.72,0.48,2,False,-758.2999877929688,,False
1,0,5,0.74,0.48,4,False,-785.4000244140625,0.7096774193548387,False
0,0,5,0.76,0.46,1,True,-771.4000244140625,,False
2,0,5,0.72,0.5,0,False,-764.2000122070312,,False
0,0,5,0.74,0.46,6,True,-763.7000122070312,,False
0,0,4,0.76,0.46,1,True,-785.0999755859375,0.7795698924731183,False
3,0,7,0.76,0.48,0,False,-742.0999755859375,,False
2,0,4,0.72,0.46,3,False,-771.4000244140625,,False
1,0,5,0.78,0.46,1,False,-774.2999877929688,,False
1,0,6,0.74,0.46,5,False,-769.5999755859375,,False
4,0,4,0.74,0.48,3,False,-779.2000122070312,,False
0,0,4,0.76,0.46,1,True,-766.2000122070312,,False
1,0,5,0.74,0.48,3,False,-769.5999755859375,,False
1,0,4,0.74,0.48,2,False,-773.2999877929688,,False
2,0,3,0.74,0.48,4,False,-764.5,,False
2,0,5,0.78,0.46,1,False,-751.2999877929688,,False
1,0,5,0.74,0.48,4,False,-762.7999877929688,,False
1,0,4,0.76,0.42,1,False,-778.5999755859375,,False
0,0,6,0.74,0.48,6,True,-754.7000122070312,,False
1,0,5,0.76,0.46,3,False,-770.0999755859375,,False
1,0,5,0.76,0.46,3,False,-754.7000122070312,,False
1,0,5,0.72,0.46,3,False,-764.0,,False
1,0,5,0.8,0.46,3,False,-761.9000244140625,,False
2,0,5,0.76,0.46,5,False,-766.5,,False
1,0,5,0.72,0.4,5,False,-759.5,,False
0,0,5,0.74,0.44,6,True,-768.7000122070312,,False
1,0,5,0.74,0.46,2,False,-764.5999755859375,,False
0,0,5,0.74,0.46,3,True,-778.0,,False
1,0,5,0.74,0.48,4,False,-779.2000122070312,,False
1,1,6,0.72,0.42,2,False,-775.2999877929688,,False
3,0,5,0.76,0.44,3,False,-758.0,,False
2,0,6,0.74,0.46,4,False,-766.5999755859375,,False
2,0,6,0.74,0.48,3,False,-759.7000122070312,,False
1,0,4,0.78,0.44,4,False,-752.7000122070312,,False
1,0,5,0.78,0.48,2,False,-760.2999877929688,,False
2,0,5,0.74,0.46,7,False,-797.7000122070312,0.7688172043010753,False
2,0,5,0.72,0.48,2,False,-766.5999755859375,,False
3,0,4,0.76,0.46,4,False,-775.5,,False
1,0,4,0.74,0.48,5,False,-771.2999877929688,,False
1,0,5,0.72,0.44,2,False,-746.9000244140625,,False
0,0,5,0.72,0.48,1,True,-768.4000244140625,,False
0,1,5,0.72,0.4,2,False,-788.0999755859375,0.5752688172043011,False
0,0,4,0.72,0.44,6,True,-770.9000244140625,,False
2,1,5,0.74,0.46,5,False,-772.7999877929688,,False
0,0,5,0.74,0.44,6,True,-774.7999877929688,,False
2,0,5,0.76,0.44,4,False,-769.5999755859375,,False
0,0,6,0.74,0.46,4,True,-765.0999755859375,,False
2,0,5,0.76,0.46,2,False,-755.9000244140625,,False
0,0,4,0.76,0.48,5,True,-752.0,,False
3,1,5,0.72,0.44,3,False,-749.7000122070312,,False
2,0,7,0.78,0.46,3,False,-759.4000244140625,,False
1,0,6,0.76,0.5,5,False,-748.5,,False
1,0,5,0.76,0.42,4,False,-769.2000122070312,,False
1,0,6,0.72,0.48,3,False,-750.2000122070312,,False
0,0,4,0.74,0.46,7,True,-780.9000244140625,0.7741935483870968,False
1,0,5,0.72,0.46,4,False,-760.0,,False
1,0,5,0.72,0.46,2,False,-757.2000122070312,,False
0,0,4,0.74,0.48,4,True,-792.5,0.7903225806451613,False
2,0,4,0.72,0.46,4,False,-765.5999755859375,,False
1,0,5,0.72,0.48,4,False,-776.5,,False
1,0,6,0.72,0.5,5,False,-752.9000244140625,,False
1,0,5,0.78,0.44,5,False,-760.5,,False
2,0,5,0.74,0.46,3,False,-765.2999877929688,,False
1,0,5,0.8,0.48,1,False,-771.7999877929688,,False
0,0,5,0.78,0.46,6,True,-757.9000244140625,,False
0,0,4,0.7,0.46,2,True,-747.4000244140625,,False
2,0,5,0.76,0.46,2,False,-761.5999755859375,,False
1,0,5,0.78,0.44,2,False,-762.0999755859375,,False
0,0,5,0.78,0.46,4,True,-758.7999877929688,,False
0,0,5,0.72,0.46,1,True,-752.5,,False
0,0,5,0.74,0.46,1,True,-768.4000244140625,,False
0,0,5,0.76,0.48,6,True,-759.2000122070312,,False
1,0,6,0.74,0.48,1,False,-772.9000244140625,,False
2,0,5,0.74,0.42,4,False,-762.0999755859375,,False
0,1,6,0.76,0.46,1,False,-763.2999877929688,,False
0,0,5,0.76,0.48,5,True,-758.0,,False
3,0,4,0.74,0.46,2,False,-768.7000122070312,,False
0,0,5,0.76,0.48,3,True,-749.5999755859375,,False
0,0,5,0.72,0.42,6,True,-766.7000122070312,,False
1,0,5,0.74,0.44,4,False,-761.7999877929688,,False
0,0,4,0.78,0.44,5,True,-763.4000244140625,,False
1,1,5,0.74,0.44,2,False,-755.2000122070312,,False
0,1,5,0.74,0.42,4,False,-761.0,,False
1,0,5,0.7,0.46,5,False,-772.0,,False
0,0,5,0.74,0.42,7,True,-772.5999755859375,,False
0,0,5,0.76,0.5,2,True,-770.5999755859375,,False
1,0,5,0.74,0.46,1,False,-758.5,,False
1,0,7,0.72,0.46,7,False,-771.0999755859375,,False
0,0,5,0.72,0.48,2,True,-777.2999877929688,,False
1,0,4,0.74,0.46,8,False,-774.5,,False
0,0,5,0.78,0.46,5,True,-766.7000122070312,,False
2,0,5,0.72,0.48,4,False,-777.5,,False
1,0,5,0.76,0.46,2,False,-758.7999877929688,,False
0,0,5,0.72,0.48,3,True,-767.0,,False
0,0,6,0.76,0.44,2,True,-759.4000244140625,,False
2,0,5,0.7,0.46,1,False,-757.5999755859375,,False
0,0,5,0.72,0.42,4,True,-754.0,,False
1,0,5,0.74,0.48,2,False,-760.9000244140625,,False
0,0,5,0.78,0.48,1,True,-767.0999755859375,,False
0,0,5,0.72,0.46,1,True,-755.9000244140625,,False
4,0,5,0.76,0.44,1,False,-757.7000122070312,,False
1,0,4,0.72,0.44,3,False,-752.0,,False
0,0,6,0.74,0.44,5,True,-779.7000122070312,0.8494623655913979,True
3,0,5,0.7,0.48,5,False,-771.7000122070312,,False
2,0,5,0.74,0.48,2,False,-788.2000122070312,0.6827956989247311,False
1,0,5,0.72,0.46,3,False,-746.5,,False
0,0,6,0.76,0.4,4,True,-744.9000244140625,,False
1,0,5,0.74,0.48,3,False,-755.4000244140625,,False
0,0,5,0.78,0.48,4,True,-763.2000122070312,,False
0,0,5,0.74,0.48,5,True,-762.0,,False
2,0,6,0.72,0.46,2,False,-744.0,,False
0,0,5,0.72,0.46,1,True,-761.7000122070312,,False
0,0,5,0.72,0.48,2,True,-766.2000122070312,,False
2,0,7,0.82,0.42,7,False,-775.0,,False
1,0,4,0.8,0.44,2,False,-762.5,,False
0,0,6,0.78,0.44,3,True,-761.2000122070312,,False
0,0,5,0.74,0.48,1,True,-773.9000244140625,,False
0,1,5,0.76,0.48,4,False,-765.5,,False
0,0,5,0.74,0.46,5,True,-750.5999755859375,,False
2,0,5,0.74,0.46,2,False,-759.9000244140625,,False
0,0,6,0.8,0.44,2,True,-777.0,,False
0,0,5,0.74,0.46,2,True,-756.7999877929688,,False
1,0,5,0.74,0.44,2,False,-762.9000244140625,,False
0,0,4,0.72,0.46,2,True,-763.7999877929688,,False
1,1,4,0.76,0.46,2,False,-755.5999755859375,,False
0,0,5,0.74,0.46,1,True,-760.5,,False
1,0,5,0.72,0.42,2,False,-768.9000244140625,,False
0,0,5,0.74,0.46,3,True,-772.7000122070312,,False
1,0,5,0.76,0.4,5,False,-785.5,0.7150537634408602,False
0,0,5,0.76,0.48,5,True,-762.7999877929688,,False
1,0,5,0.72,0.46,4,False,-766.4000244140625,,False
0,0,5,0.76,0.44,3,True,-758.7000122070312,,False
2,0,5,0.72,0.44,4,False,-783.0,0.7526881720430108,False
0,0,5,0.74,0.48,2,True,-778.4000244140625,,False
1,0,6,0.74,0.48,5,False,-761.7000122070312,,False
0,0,5,0.74,0.44,6,True,-771.7000122070312,,False
0,0,5,0.78,0.46,3,True,-775.9000244140625,,False
1,0,5,0.74,0.46,1,False,-772.5,,False
1,0,5,0.76,0.42,4,False,-771.0,,False
0,0,4,0.72,0.44,2,True,-774.5,,False
0,0,5,0.72,0.46,5,True,-767.5999755859375,,False
2,0,6,0.74,0.46,4,False,-761.7999877929688,,False
0,0,4,0.74,0.46,2,True,-774.7000122070312,,False
0,1,4,0.72,0.42,4,False,-778.9000244140625,,False
2,0,4,0.76,0.44,3,False,-753.7000122070312,,False
1,0,4,0.74,0.48,4,False,-773.7000122070312,,False
2,0,5,0.76,0.48,9,False,-749.9000244140625,,False
0,0,5,0.74,0.42,3,True,-753.0,,False
1,0,8,0.72,0.48,3,False,-772.9000244140625,,False
1,0,5,0.72,0.44,5,False,-777.9000244140625,,False
0,0,7,0.76,0.48,5,True,-761.2000122070312,,False
2,0,4,0.74,0.46,5,False,-771.0,,False
1,0,5,0.72,0.46,6,False,-766.7999877929688,,False
1,0,5,0.72,0.46,3,False,-767.5,,False
2,0,4,0.76,0.46,2,False,-771.2000122070312,,False
0,1,4,0.74,0.44,2,False,-775.0999755859375,,False
0,0,5,0.74,0.44,4,True,-763.4000244140625,,False
1,0,4,0.72,0.48,4,False,-771.2000122070312,,False
2,0,5,0.74,0.46,2,False,-771.7999877929688,,False
2,0,5,0.72,0.44,5,False,-751.4000244140625,,False
1,0,4,0.76,0.48,1,False,-758.0999755859375,,False
1,0,7,0.74,0.48,3,False,-770.9000244140625,,False
0,0,5,0.72,0.46,1,True,-763.5,,False
0,0,4,0.72,0.46,3,True,-751.7999877929688,,False
0,0,5,0.72,0.44,5,True,-759.4000244140625,,False
0,0,5,0.74,0.44,3,True,-772.5,,False
0,0,4,0.76,0.46,5,True,-773.7999877929688,,False
0,0,5,0.76,0.46,3,True,-762.2000122070312,,False
2,0,5,0.78,0.46,4,False,-748.5,,False
1,0,5,0.72,0.42,0,False,-768.7999877929688,,False
0,0,6,0.76,0.44,3,True,-759.7999877929688,,False
0,0,5,0.72,0.46,5,True,-766.7000122070312,,False
0,0,5,0.72,0.48,3,True,-758.5999755859375,,False
1,0,5,0.72,0.44,4,False,-761.5999755859375,,False
1,0,6,0.72,0.46,5,False,-759.0,,False
1,0,5,0.74,0.48,1,False,-767.5,,False
1,0,5,0.74,0.46,3,False,-766.7000122070312,,False
2,0,6,0.74,0.44,1,False,-768.9000244140625,,False
2,0,5,0.76,0.46,3,False,-772.0999755859375,,False
1,0,5,0.76,0.44,3,False,-750.5,,False
1,1,4,0.76,0.46,7,False,-760.4000244140625,,False
1,0,5,0.78,0.44,3,False,-768.5,,False
0,0,5,0.78,0.42,1,True,-754.0999755859375,,False
1,0,5,0.72,0.48,4,False,-776.5,,False
1,0,7,0.76,0.46,5,False,-759.7999877929688,,False
0,0,5,0.78,0.46,4,True,-774.4000244140625,,False
0,1,5,0.78,0.48,3,False,-763.9000244140625,,False
0,0,6,0.76,0.5,7,True,-760.0,,False
2,0,5,0.72,0.48,6,False,-761.4000244140625,,False
1,0,4,0.72,0.46,5,False,-762.7999877929688,,False
0,0,6,0.74,0.46,4,True,-754.0999755859375,,False
2,0,5,0.74,0.44,4,False,-749.4000244140625,,False
0,1,5,0.76,0.46,5,False,-771.2999877929688,,False
3,1,5,0.76,0.46,2,False,-761.4000244140625,,False
1,0,5,0.74,0.46,2,False,-764.9000244140625,,False
0,0,7,0.78,0.46,3,True,-768.0999755859375,,False
2,0,5,0.76,0.44,4,False,-769.0,,False
1,0,4,0.72,0.48,2,False,-773.2000122070312,,False
0,0,4,0.74,0.46,3,True,-761.7000122070312,,False
1,0,5,0.72,0.48,4,False,-774.2000122070312,,False
0,0,5,0.74,0.42,4,True,-762.9000244140625,,False
0,0,5,0.78,0.44,3,True,-772.9000244140625,,False
0,0,5,0.74,0.44,3,True,-760.2999877929688,,False
0,1,5,0.72,0.44,5,False,-761.0,,False
2,0,5,0.72,0.44,7,False,-763.9000244140625,,False
0,0,6,0.74,0.48,2,True,-755.2000122070312,,False
1,0,4,0.78,0.44,2,False,-775.2000122070312,,False
0,0,4,0.74,0.48,3,True,-767.5999755859375,,False
1,0,5,0.74,0.38,3,False,-770.5999755859375,,False
1,0,4,0.74,0.48,2,False,-772.7999877929688,,False
0,0,7,0.76,0.44,3,True,-765.7000122070312,,False
1,0,6,0.72,0.46,3,False,-767.0,,False
0,0,5,0.74,0.48,3,True,-762.4000244140625,,False
1,0,5,0.74,0.48,7,False,-774.5,,False
0,0,6,0.72,0.42,2,True,-748.7999877929688,,False
2,0,6,0.74,0.5,3,False,-763.9000244140625,,False
1,0,4,0.74,0.44,6,False,-764.0999755859375,,False
1,0,4,0.72,0.5,6,False,-773.7000122070312,,False
1,0,5,0.8,0.42,2,False,-762.9000244140625,,False
0,0,5,0.74,0.48,6,True,-771.7999877929688,,False
1,0,5,0.72,0.48,8,False,-765.7999877929688,,False
0,0,5,0.74,0.44,3,True,-766.5999755859375,,False
2,0,5,0.74,0.48,5,False,-773.0,,False
0,1,5,0.72,0.48,6,False,-764.0999755859375,,False
1,0,5,0.72,0.48,3,False,-760.5999755859375,,False
0,0,5,0.7,0.46,3,True,-773.0999755859375,,False
0,0,5,0.78,0.46,3,True,-773.9000244140625,,False
1,0,4,0.76,0.46,4,False,-776.4000244140625,,False
0,0,4,0.7,0.46,4,True,-763.5,,False
2,0,5,0.72,0.44,1,False,-752.4000244140625,,False
2,0,5,0.76,0.46,2,False,-759.2999877929688,,False
2,0,5,0.72,0.46,2,False,-763.9000244140625,,False
0,0,5,0.78,0.44,3,True,-771.5,,False
1,1,4,0.72,0.46,7,False,-789.2999877929688,0.7634408602150538,False
1,0,5,0.76,0.48,3,False,-754.2999877929688,,False
3,0,5,0.72,0.48,6,False,-749.2000122070312,,False
1,0,4,0.76,0.46,4,False,-771.4000244140625,,False
2,1,5,0.72,0.44,2,False,-765.5999755859375,,False
1,0,5,0.76,0.44,2,False,-766.7999877929688,,False
1,0,4,0.74,0.46,2,False,-778.4000244140625,,False
0,0,6,0.74,0.48,3,True,-762.2000122070312,,False
0,1,5,0.76,0.46,4,False,-769.9000244140625,,False
1,0,5,0.74,0.46,7,False,-774.0,,False
0,0,7,0.74,0.46,1,True,-776.7000122070312,,False
0,0,5,0.74,0.46,5,True,-765.0,,False
0,0,4,0.74,0.48,3,True,-756.7999877929688,,False
1,0,5,0.74,0.46,1,False,-759.5,,False
1,0,5,0.74,0.44,3,False,-763.9000244140625,,False
0,0,5,0.74,0.46,4,True,-759.7999877929688,,False
1,0,5,0.76,0.42,1,False,-774.2000122070312,,False
1,0,4,0.72,0.46,4,False,-760.4000244140625,,False
1,0,4,0.74,0.46,2,False,-770.5,,False
3,0,4,0.74,0.42,3,False,-759.7000122070312,,False
1,0,5,0.76,0.48,6,False,-765.0999755859375,,False
2,0,7,0.82,0.48,4,False,-769.0,,False
1,0,5,0.7,0.48,5,False,-768.2999877929688,,False
0,0,6,0.72,0.42,3,True,-769.0999755859375,,False
2,1,5,0.74,0.48,2,False,-759.7999877929688,,False
0,0,5,0.78,0.48,1,True,-759.5,,False
0,0,5,0.74,0.48,2,True,-764.4000244140625,,False
0,0,4,0.72,0.46,3,True,-756.7000122070312,,False
0,0,5,0.72,0.46,4,True,-746.0,,False
0,0,8,0.76,0.44,3,True,-775.0999755859375,,False
1,0,5,0.78,0.48,2,False,-775.2999877929688,,False
0,0,6,0.72,0.48,3,True,-766.5999755859375,,False
0,0,6,0.76,0.48,6,True,-754.5,,False
0,0,5,0.74,0.46,4,True,-755.5,,False
1,0,4,0.76,0.48,6,False,-750.7000122070312,,False
2,0,5,0.74,0.46,3,False,-759.9000244140625,,False
1,0,5,0.76,0.46,4,False,-750.5,,False
0,0,5,0.72,0.5,3,True,-762.4000244140625,,False
2,0,5,0.72,0.48,6,False,-757.2999877929688,,False
3,0,6,0.82,0.42,3,False,-762.7999877929688,,False
0,0,4,0.74,0.46,6,True,-762.0999755859375,,False
1,0,5,0.76,0.48,5,False,-752.0,,False
1,1,5,0.76,0.38,2,False,-773.5,,False
0,0,5,0.74,0.46,2,True,-771.5,,False
1,0,5,0.74,0.4,3,False,-759.2000122070312,,False
3,0,4,0.76,0.44,3,False,-776.7000122070312,,False
0,0,5,0.74,0.44,5,True,-766.5,,False
2,0,4,0.72,0.44,6,False,-769.5,,False
1,0,8,0.76,0.44,3,False,-755.2000122070312,,False
1,0,5,0.74,0.44,3,False,-768.9000244140625,,False
1,0,5,0.74,0.42,4,False,-775.2000122070312,,False
0,0,4,0.74,0.46,6,True,-760.5999755859375,,False
1,0,5,0.72,0.46,7,False,-780.9000244140625,0.7741935483870968,False
0,0,5,0.76,0.46,6,True,-770.7999877929688,,False
1,0,5,0.74,0.48,2,False,-768.4000244140625,,False
1,0,6,0.76,0.46,3,False,-765.2999877929688,,False
1,0,4,0.76,0.48,3,False,-759.7999877929688,,False
1,0,5,0.78,0.44,4,False,-751.2999877929688,,False
1,0,5,0.74,0.48,3,False,-763.9000244140625,,False
0,0,4,0.74,0.48,3,True,-757.2999877929688,,False
0,0,5,0.76,0.48,6,True,-771.7000122070312,,False
1,0,4,0.74,0.44,3,False,-780.0,0.7311827956989247,False
0,0,5,0.74,0.48,2,True,-765.2999877929688,,False
1,0,5,0.72,0.44,4,False,-776.7999877929688,,False
1,0,5,0.74,0.48,4,False,-759.2999877929688,,False
1,0,5,0.72,0.48,2,False,-780.7999877929688,0.7258064516129032,False
2,0,5,0.76,0.42,5,False,-773.0999755859375,,False
0,0,5,0.72,0.5,2,True,-756.0,,False
1,0,5,0.74,0.48,1,False,-761.2000122070312,,False
1,0,5,0.74,0.44,5,False,-780.0999755859375,0.6989247311827957,False
1,0,5,0.72,0.48,6,False,-762.2999877929688,,False
0,0,6,0.74,0.48,1,True,-773.9000244140625,,False
2,0,5,0.72,0.46,4,False,-776.7999877929688,,False
0,0,5,0.72,0.46,4,True,-767.2999877929688,,False
2,0,5,0.72,0.48,3,False,-764.0999755859375,,False
0,0,4,0.72,0.48,4,True,-763.5999755859375,,False
1,0,5,0.74,0.46,4,False,-765.2000122070312,,False
2,0,5,0.72,0.44,4,False,-772.5999755859375,,False
0,1,5,0.72,0.46,2,False,-763.5999755859375,,False
0,0,5,0.74,0.44,2,True,-776.2000122070312,,False
0,0,5,0.74,0.48,4,True,-772.2999877929688,,False
0,0,5,0.72,0.42,9,True,-772.0,,False
0,0,5,0.76,0.46,3,True,-775.0999755859375,,False
0,0,5,0.76,0.46,1,True,-770.7000122070312,,False
1,0,5,0.78,0.46,2,False,-764.7000122070312,,False
0,0,4,0.74,0.46,4,True,-776.0999755859375,,False
2,0,5,0.74,0.44,5,False,-768.5,,False
2,0,5,0.72,0.46,1,False,-778.7000122070312,,False
0,0,4,0.74,0.48,4,True,-760.7000122070312,,False
1,0,5,0.74,0.44,1,False,-765.5,,False
1,0,5,0.76,0.48,4,False,-764.9000244140625,,False
0,0,5,0.76,0.48,3,True,-775.7000122070312,,False
1,0,5,0.78,0.46,5,False,-764.2999877929688,,False
1,0,5,0.74,0.46,3,False,-767.5999755859375,,False
0,0,6,0.76,0.48,3,True,-756.5999755859375,,False
0,0,5,0.76,0.44,6,True,-760.2000122070312,,False
2,0,5,0.74,0.5,2,False,-755.0,,False
2,0,5,0.74,0.46,2,False,-762.2999877929688,,False
1,0,5,0.74,0.44,7,False,-754.4000244140625,,False
1,0,4,0.74,0.46,2,False,-762.7999877929688,,False
0,0,5,0.72,0.44,2,True,-771.2000122070312,,False
0,0,5,0.72,0.5,6,True,-759.5999755859375,,False
1,0,5,0.7,0.48,5,False,-777.0,,False
2,0,5,0.78,0.44,3,False,-754.2999877929688,,False
1,0,5,0.74,0.48,2,False,-765.2000122070312,,False
0,0,5,0.76,0.46,5,True,-779.2999877929688,,False
2,0,5,0.74,0.46,4,False,-766.4000244140625,,False
1,0,4,0.74,0.48,4,False,-747.9000244140625,,False
0,0,4,0.74,0.48,2,True,-774.9000244140625,,False
1,0,5,0.72,0.46,4,False,-763.4000244140625,,False
0,0,5,0.72,0.42,2,True,-759.7999877929688,,False
0,0,5,0.72,0.48,2,True,-753.2000122070312,,False
0,0,4,0.74,0.44,2,True,-759.4000244140625,,False
0,0,6,0.74,0.48,1,True,-768.7000122070312,,False
1,0,4,0.72,0.46,4,False,-769.9000244140625,,False
0,0,6,0.78,0.46,5,True,-762.2999877929688,,False
2,0,5,0.74,0.48,2,False,-770.0999755859375,,False
3,0,5,0.78,0.44,0,False,-771.7999877929688,,False
1,0,5,0.74,0.46,2,False,-766.5999755859375,,False
1,0,4,0.74,0.48,4,False,-764.0,,False
1,0,5,0.76,0.44,2,False,-752.7999877929688,,False
2,0,5,0.74,0.46,2,False,-749.0999755859375,,False
1,0,5,0.74,0.46,0,False,-767.0999755859375,,False
0,0,5,0.74,0.48,3,True,-761.5999755859375,,False
0,1,5,0.74,0.44,1,False,-753.4000244140625,,False
1,0,5,0.72,0.46,3,False,-753.7999877929688,,False
2,1,4,0.7,0.44,1,False,-777.7999877929688,,False
1,0,4,0.74,0.44,3,False,-768.5999755859375,,False
0,0,4,0.76,0.44,2,True,-781.4000244140625,0.6344086021505376,False
1,0,6,0.76,0.5,5,False,-760.4000244140625,,False
0,0,5,0.74,0.5,1,True,-785.7999877929688,0.6720430107526881,False
1,0,8,0.72,0.48,4,False,-753.7000122070312,,False
2,0,5,0.74,0.48,1,False,-765.0,,False
2,0,4,0.74,0.48,6,False,-751.2999877929688,,False
2,0,5,0.78,0.46,3,False,-756.0,,False
0,0,5,0.72,0.44,1,True,-770.0999755859375,,False
2,0,7,0.78,0.46,1,False,-756.9000244140625,,False
0,0,7,0.78,0.42,3,True,-769.0999755859375,,False
0,0,5,0.74,0.44,2,True,-762.2999877929688,,False
1,0,5,0.7,0.48,4,False,-766.7000122070312,,False
1,0,5,0.78,0.44,4,False,-757.5999755859375,,False
1,0,5,0.72,0.46,4,False,-767.7000122070312,,False
1,0,5,0.78,0.46,2,False,-764.0999755859375,,False
0,0,5,0.76,0.5,3,True,-778.7999877929688,,False
2,1,4,0.76,0.46,3,False,-765.7999877929688,,False
2,0,6,0.74,0.48,5,False,-768.0,,False
0,0,5,0.78,0.44,2,True,-770.4000244140625,,False
1,0,5,0.76,0.48,0,False,-790.2000122070312,0.7311827956989247,False
2,0,5,0.74,0.48,5,False,-761.7999877929688,,False
1,0,5,0.72,0.46,2,False,-768.2999877929688,,False
0,0,6,0.7,0.46,3,True,-758.5,,False
0,0,5,0.76,0.42,3,True,-768.5999755859375,,False
1,0,5,0.74,0.42,6,False,-781.4000244140625,0.6935483870967742,False
0,0,7,0.8,0.44,4,True,-758.4000244140625,,False
1,0,7,0.72,0.46,2,False,-756.7000122070312,,False
1,0,4,0.7,0.46,1,False,-759.0,,False
2,0,5,0.72,0.48,4,False,-775.2999877929688,,False
2,0,5,0.72,0.48,4,False,-762.0999755859375,,False
0,0,5,0.74,0.48,5,True,-769.0,,False
1,0,5,0.72,0.44,4,False,-767.2000122070312,,False
0,0,4,0.72,0.46,0,True,-761.7000122070312,,False
2,0,5,0.76,0.46,1,False,-762.2999877929688,,False
1,0,5,0.76,0.48,4,False,-764.9000244140625,,False
1,0,5,0.72,0.46,1,False,-768.5,,False
1,0,5,0.78,0.46,2,False,-767.7000122070312,,False
0,0,4,0.72,0.48,3,True,-764.0999755859375,,False
0,0,5,0.76,0.44,3,True,-759.9000244140625,,False
0,1,5,0.74,0.44,5,False,-766.7000122070312,,False
0,0,8,0.76,0.46,4,True,-762.9000244140625,,False
2,0,6,0.74,0.42,5,False,-757.2000122070312,,False
1,0,4,0.72,0.44,5,False,-770.2000122070312,,False
0,0,5,0.74,0.48,3,True,-767.2000122070312,,False
1,0,4,0.78,0.48,3,False,-778.0,,False
1,0,5,0.74,0.42,4,False,-765.9000244140625,,False
1,0,5,0.76,0.46,4,False,-777.7999877929688,,False
0,0,5,0.72,0.5,3,True,-765.5999755859375,,False
0,1,4,0.72,0.46,1,False,-769.0,,False
1,0,5,0.72,0.5,3,False,-756.7000122070312,,False
2,0,5,0.74,0.46,7,False,-758.0,,False
2,0,5,0.76,0.44,2,False,-779.7999877929688,0.8064516129032258,True
0,1,5,0.74,0.48,7,False,-756.9000244140625,,False
1,0,3,0.74,0.38,4,False,-762.2999877929688,,False
1,0,5,0.76,0.46,3,False,-766.5999755859375,,False
1,0,5,0.74,0.46,2,False,-770.5,,False
1,0,5,0.76,0.44,0,False,-775.4000244140625,,False
0,0,5,0.72,0.46,4,True,-772.0,,False
1,0,5,0.76,0.48,1,False,-766.2999877929688,,False
0,0,5,0.72,0.48,6,True,-773.0,,False
0,0,5,0.74,0.44,6,True,-756.4000244140625,,False
0,0,5,0.74,0.42,1,True,-765.0999755859375,,False
0,0,4,0.76,0.44,3,True,-759.5,,False
1,0,5,0.76,0.44,3,False,-761.5,,False
0,0,5,0.8,0.44,3,True,-758.7999877929688,,False
1,0,5,0.76,0.46,4,False,-776.0,,False
1,0,8,0.72,0.46,3,False,-775.0,,False
2,0,5,0.72,0.48,4,False,-772.7000122070312,,False
3,0,5,0.8,0.42,3,False,-780.7000122070312,0.7043010752688172,False
0,0,5,0.72,0.44,6,True,-764.7999877929688,,False
0,1,5,0.74,0.48,3,False,-758.5999755859375,,False
0,1,5,0.74,0.44,4,False,-770.9000244140625,,False
0,0,5,0.74,0.48,2,True,-769.7999877929688,,False
1,0,5,0.72,0.44,4,False,-783.0999755859375,0.7204301075268817,False
0,0,5,0.7,0.44,2,True,-770.0999755859375,,False
0,0,4,0.74,0.42,2,True,-764.9000244140625,,False
1,0,5,0.7,0.5,5,False,-761.7000122070312,,False
3,0,5,0.7,0.48,6,False,-750.9000244140625,,False
1,0,4,0.76,0.46,5,False,-759.4000244140625,,False
2,0,5,0.8,0.46,2,False,-760.2000122070312,,False
0,0,5,0.72,0.44,5,True,-770.0,,False
1,0,6,0.76,0.46,3,False,-771.7000122070312,,False
2,0,5,0.76,0.48,4,False,-766.5999755859375,,False
1,1,5,0.76,0.48,5,False,-771.9000244140625,,False
1,0,5,0.74,0.46,6,False,-757.0999755859375,,False
0,0,4,0.76,0.42,6,True,-758.0,,False
0,0,5,0.74,0.44,3,True,-773.5,,False
0,0,5,0.78,0.44,0,True,-763.7000122070312,,False
0,0,5,0.72,0.46,1,True,-756.0,,False
0,0,4,0.74,0.46,3,True,-763.7999877929688,,False
0,0,5,0.72,0.48,5,True,-775.0999755859375,,False
0,0,6,0.74,0.42,2,True,-775.7000122070312,,False
0,0,5,0.76,0.42,2,True,-755.7999877929688,,False
0,0,5,0.68,0.42,2,True,-769.0,,False
0,0,5,0.72,0.44,3,True,-779.0,,False
2,0,6,0.74,0.46,5,False,-766.5,,False
0,0,5,0.74,0.48,5,True,-762.5999755859375,,False
0,0,5,0.78,0.46,3,True,-757.7000122070312,,False
2,0,5,0.76,0.46,2,False,-768.7000122070312,,False
2,0,5,0.74,0.46,7,False,-769.0,,False
0,0,5,0.74,0.44,2,True,-764.7999877929688,,False
0,0,5,0.72,0.48,6,True,-768.7999877929688,,False
1,0,5,0.74,0.46,6,False,-754.2000122070312,,False
2,0,5,0.72,0.46,4,False,-767.7999877929688,,False
1,0,5,0.8,0.42,5,False,-763.5,,False
1,0,5,0.72,0.44,4,False,-775.0999755859375,,False
0,0,5,0.74,0.46,0,True,-765.5,,False
4,0,5,0.76,0.44,2,False,-758.2000122070312,,False
1,0,5,0.78,0.48,3,False,-761.0999755859375,,False
0,1,5,0.72,0.48,0,False,-762.7000122070312,,False
1,0,5,0.72,0.46,4,False,-771.0,,False
0,0,6,0.76,0.48,2,True,-780.0999755859375,0.7150537634408602,False
3,0,5,0.72,0.48,3,False,-772.9000244140625,,False
1,0,6,0.74,0.48,3,False,-757.0,,False
0,0,5,0.72,0.46,4,True,-759.0,,False
1,0,5,0.74,0.48,2,False,-773.2000122070312,,False
0,0,6,0.74,0.48,1,True,-758.0999755859375,,False
1,0,5,0.72,0.48,5,False,-759.2999877929688,,False
0,0,5,0.76,0.42,2,True,-759.0,,False
1,1,5,0.74,0.46,3,False,-764.9000244140625,,False
1,0,5,0.74,0.42,2,False,-761.5,,False
0,0,5,0.74,0.46,8,True,-752.2999877929688,,False
1,0,5,0.74,0.46,6,False,-775.2000122070312,,False
0,0,6,0.74,0.44,4,True,-773.7999877929688,,False
1,0,5,0.74,0.46,4,False,-784.2999877929688,0.8010752688172043,True
0,0,4,0.72,0.48,1,True,-762.9000244140625,,False
1,0,5,0.78,0.48,5,False,-769.9000244140625,,False
1,1,5,0.74,0.46,1,False,-753.5999755859375,,False
3,0,5,0.7,0.5,6,False,-765.2000122070312,,False
0,0,7,0.72,0.48,2,True,-754.5,,False
0,0,4,0.78,0.46,5,True,-760.4000244140625,,False
1,0,5,0.74,0.46,4,False,-762.4000244140625,,False
1,1,5,0.74,0.48,5,False,-748.7999877929688,,False
1,0,5,0.76,0.48,2,False,-775.5,,False
0,0,4,0.76,0.48,6,True,-760.0999755859375,,False
1,0,5,0.74,0.48,4,False,-761.2000122070312,,False
0,0,5,0.76,0.44,6,True,-786.5,0.8440860215053764,True
0,1,5,0.72,0.46,3,False,-762.7999877929688,,False
1,0,4,0.78,0.48,5,False,-770.0,,False
0,0,7,0.76,0.44,5,True,-765.2000122070312,,False
1,0,5,0.78,0.44,3,False,-770.5,,False
0,0,4,0.74,0.42,6,True,-750.7000122070312,,False
0,0,4,0.76,0.44,1,True,-761.7999877929688,,False
1,0,5,0.74,0.48,2,False,-773.0,,False
1,0,7,0.78,0.46,5,False,-761.5,,False
1,0,6,0.74,0.46,3,False,-767.7999877929688,,False
1,0,5,0.74,0.46,5,False,-769.2000122070312,,False
1,0,5,0.76,0.48,6,False,-758.2999877929688,,False
0,0,5,0.72,0.5,5,True,-768.0999755859375,,False
2,1,5,0.72,0.44,1,False,-763.5,,False
0,0,5,0.74,0.44,3,True,-760.7999877929688,,False
0,0,6,0.76,0.46,2,True,-783.0,0.9247311827956989,True
0,0,7,0.78,0.44,3,True,-769.9000244140625,,False
1,0,5,0.74,0.46,4,False,-769.7999877929688,,False
2,0,5,0.74,0.48,3,False,-763.4000244140625,,False
2,0,4,0.72,0.44,3,False,-767.0,,False
2,0,5,0.74,0.44,8,False,-769.0,,False
0,0,5,0.76,0.46,2,True,-767.0,,False
1,0,6,0.76,0.48,3,False,-760.4000244140625,,False
1,0,5,0.76,0.46,1,False,-768.5,,False
2,0,5,0.72,0.44,4,False,-763.2999877929688,,False
0,0,5,0.74,0.46,6,True,-766.0999755859375,,False
1,0,5,0.74,0.48,2,False,-758.9000244140625,,False
2,0,5,0.76,0.48,2,False,-753.7999877929688,,False
1,0,5,0.78,0.48,2,False,-770.5,,False
1,1,4,0.76,0.46,5,False,-758.2000122070312,,False
0,0,5,0.78,0.46,5,True,-774.0999755859375,,False
0,0,4,0.74,0.48,4,True,-763.7000122070312,,False
1,0,5,0.76,0.5,4,False,-760.5,,False
1,0,5,0.72,0.46,3,False,-767.2999877929688,,False
0,0,5,0.78,0.48,7,True,-768.0,,False
1,0,5,0.72,0.46,7,False,-752.4000244140625,,False
0,0,4,0.72,0.48,3,True,-762.5,,False
0,0,5,0.78,0.46,3,True,-766.2999877929688,,False
1,0,5,0.74,0.46,6,False,-769.5999755859375,,False
0,0,7,0.74,0.46,4,True,-777.5999755859375,,False
1,0,5,0.76,0.48,6,False,-767.0,,False
1,0,5,0.72,0.46,5,False,-761.2000122070312,,False
2,0,5,0.74,0.5,3,False,-762.5,,False
1,0,5,0.76,0.48,3,False,-771.0,,False
1,0,5,0.72,0.48,1,False,-766.5,,False
0,0,4,0.72,0.48,4,True,-766.9000244140625,,False
1,0,5,0.72,0.5,3,False,-764.5,,False
0,1,5,0.76,0.46,6,False,-765.2999877929688,,False
2,0,5,0.78,0.44,2,False,-753.7999877929688,,False
0,0,5,0.72,0.48,2,True,-764.5999755859375,,False
0,0,5,0.76,0.42,5,True,-765.7000122070312,,False
2,0,4,0.76,0.44,2,False,-763.0999755859375,,False
1,0,4,0.72,0.5,3,False,-759.2999877929688,,False
0,0,5,0.74,0.46,3,True,-759.0,,False
0,0,5,0.76,0.46,4,True,-767.2999877929688,,False
0,0,4,0.72,0.48,2,True,-765.0999755859375,,False
0,0,6,0.78,0.46,2,True,-756.2000122070312,,False
2,0,5,0.76,0.48,2,False,-759.0999755859375,,False
0,0,5,0.76,0.46,5,True,-769.2999877929688,,False
0,0,6,0.7,0.46,4,True,-766.9000244140625,,False
1,0,5,0.76,0.46,7,False,-758.2000122070312,,False
1,0,5,0.74,0.46,1,False,-770.4000244140625,,False
1,0,4,0.74,0.5,4,False,-766.7999877929688,,False
1,1,5,0.74,0.44,2,False,-765.7999877929688,,False
0,0,4,0.76,0.48,1,True,-764.0999755859375,,False
1,0,5,0.78,0.46,2,False,-760.2999877929688,,False
1,0,5,0.76,0.46,1,False,-772.7999877929688,,False
0,0,5,0.72,0.46,2,True,-757.9000244140625,,False
2,0,4,0.76,0.42,5,False,-767.7999877929688,,False
1,0,4,0.74,0.46,2,False,-774.2999877929688,,False
1,0,5,0.74,0.46,0,False,-768.4000244140625,,False
1,0,5,0.74,0.46,7,False,-778.5999755859375,,False
0,0,5,0.72,0.48,3,True,-757.9000244140625,,False
0,0,6,0.72,0.44,4,True,-781.0,0.6935483870967742,False
0,0,5,0.76,0.46,4,True,-756.7000122070312,,False
0,0,4,0.74,0.46,3,True,-784.9000244140625,0.6989247311827957,False
1,0,4,0.7,0.48,3,False,-743.7000122070312,,False
1,0,5,0.76,0.46,5,False,-759.4000244140625,,False
0,0,5,0.76,0.46,4,True,-757.2999877929688,,False
0,0,5,0.74,0.46,2,True,-756.7999877929688,,False
2,0,4,0.74,0.48,5,False,-773.9000244140625,,False
2,0,5,0.72,0.42,5,False,-755.2000122070312,,False
0,0,4,0.74,0.48,2,True,-777.5,,False
0,0,5,0.72,0.44,4,True,-768.2999877929688,,False
0,0,5,0.72,0.5,1,True,-766.0,,False
2,0,5,0.74,0.46,2,False,-759.5999755859375,,False
0,0,5,0.76,0.44,1,True,-767.9000244140625,,False
0,0,5,0.74,0.46,2,True,-776.7000122070312,,False
1,0,5,0.78,0.44,3,False,-773.2999877929688,,False
1,0,5,0.74,0.46,4,False,-760.2999877929688,,False
0,0,5,0.74,0.48,3,True,-761.7000122070312,,False
0,0,5,0.74,0.46,3,True,-774.5,,False
0,0,5,0.72,0.46,3,True,-773.9000244140625,,False
1,0,5,0.72,0.42,3,False,-763.2999877929688,,False
1,0,5,0.7,0.48,1,False,-762.2000122070312,,False
1,0,5,0.68,0.5,2,False,-771.2000122070312,,False
1,0,5,0.76,0.46,6,False,-757.7999877929688,,False
1,0,4,0.72,0.48,3,False,-772.5,,False
1,0,5,0.74,0.42,2,False,-754.0999755859375,,False
1,0,5,0.74,0.46,4,False,-774.4000244140625,,False
0,0,5,0.74,0.4,1,True,-763.5,,False
1,0,5,0.76,0.46,3,False,-763.7999877929688,,False
0,0,5,0.74,0.46,5,True,-767.4000244140625,,False
1,0,5,0.76,0.48,4,False,-771.2000122070312,,False
0,0,5,0.78,0.44,3,True,-744.0,,False
3,0,5,0.74,0.46,4,False,-769.7999877929688,,False
1,0,5,0.74,0.46,5,False,-769.2999877929688,,False
1,0,6,0.76,0.48,3,False,-753.7000122070312,,False
1,0,5,0.74,0.46,2,False,-766.9000244140625,,False
0,1,5,0.74,0.48,3,False,-767.0999755859375,,False
1,0,5,0.76,0.48,6,False,-762.9000244140625,,False
1,0,5,0.74,0.5,2,False,-745.2000122070312,,False
0,0,5,0.74,0.48,3,True,-770.5,,False
1,0,5,0.7,0.48,7,False,-762.2999877929688,,False
1,0,4,0.76,0.46,2,False,-754.0999755859375,,False
0,0,5,0.74,0.5,6,True,-760.7000122070312,,False
1,0,5,0.74,0.42,1,False,-755.0,,False
1,0,4,0.72,0.48,2,False,-760.5999755859375,,False
0,0,4,0.72,0.42,6,True,-778.7000122070312,,False
1,0,5,0.72,0.46,5,False,-767.0,,False
0,0,5,0.74,0.46,3,True,-758.0999755859375,,False
1,0,5,0.72,0.46,1,False,-780.2000122070312,0.8870967741935484,True
3,0,5,0.76,0.48,5,False,-760.0999755859375,,False
2,0,5,0.76,0.46,3,False,-755.5,,False
0,0,5,0.72,0.48,1,True,-767.7999877929688,,False
0,0,5,0.72,0.46,3,True,-751.5,,False
0,0,5,0.74,0.48,4,True,-776.7999877929688,,False
0,0,5,0.72,0.44,5,True,-763.5999755859375,,False
2,0,5,0.76,0.48,2,False,-768.2000122070312,,False
0,0,5,0.78,0.44,9,True,-759.2999877929688,,False
0,0,6,0.72,0.48,5,True,-769.9000244140625,,False
1,0,5,0.78,0.44,3,False,-765.7000122070312,,False
1,0,5,0.8,0.44,2,False,-764.7999877929688,,False
0,0,5,0.72,0.44,2,True,-764.0999755859375,,False
0,0,5,0.74,0.46,2,True,-771.4000244140625,,False
0,0,4,0.78,0.46,3,True,-769.0999755859375,,False
1,0,5,0.74,0.46,7,False,-778.7000122070312,,False
1,0,5,0.74,0.44,4,False,-786.0,0.7258064516129032,False
0,0,5,0.72,0.48,3,True,-762.4000244140625,,False
3,0,4,0.72,0.5,0,False,-758.2000122070312,,False
2,0,5,0.74,0.42,1,False,-766.5,,False
1,0,5,0.74,0.46,3,False,-768.2000122070312,,False
0,0,5,0.7,0.4,3,True,-756.0,,False
3,0,5,0.72,0.48,5,False,-772.2000122070312,,False
2,0,5,0.7,0.44,4,False,-757.5999755859375,,False
0,0,5,0.76,0.48,4,True,-773.4000244140625,,False
1,0,5,0.78,0.48,6,False,-765.2999877929688,,False
0,0,4,0.74,0.46,3,True,-762.0999755859375,,False
1,0,5,0.76,0.44,3,False,-778.2000122070312,,False
2,0,5,0.72,0.42,3,False,-755.9000244140625,,False
1,0,5,0.74,0.48,4,False,-761.5,,False
0,0,5,0.72,0.48,3,True,-756.2999877929688,,False
1,0,5,0.76,0.48,4,False,-765.2999877929688,,False
1,0,4,0.72,0.48,4,False,-768.2999877929688,,False
1,0,6,0.74,0.46,4,False,-761.7000122070312,,False
0,0,4,0.78,0.44,3,True,-765.0,,False
0,1,6,0.72,0.48,2,False,-764.2000122070312,,False
1,0,6,0.74,0.44,4,False,-765.2000122070312,,False
1,1,5,0.76,0.46,8,False,-766.4000244140625,,False
0,0,4,0.72,0.44,2,True,-755.2999877929688,,False
1,0,5,0.74,0.44,1,False,-753.0,,False
1,0,6,0.74,0.42,7,False,-779.7000122070312,0.6989247311827957,False
0,0,5,0.74,0.48,2,True,-762.7999877929688,,False
1,0,6,0.76,0.46,4,False,-760.0,,False
1,0,4,0.74,0.46,3,False,-769.5,,False
0,0,5,0.72,0.44,3,True,-759.0,,False
1,0,7,0.78,0.42,5,False,-780.0,0.7365591397849462,False
1,0,5,0.74,0.5,1,False,-767.5,,False
0,0,5,0.72,0.46,7,True,-768.4000244140625,,False
1,0,5,0.74,0.48,3,False,-765.0999755859375,,False
0,1,4,0.74,0.46,5,False,-765.9000244140625,,False
0,0,5,0.78,0.46,5,True,-773.7999877929688,,False
1,0,5,0.74,0.44,3,False,-753.9000244140625,,False
0,1,5,0.7,0.46,3,False,-765.4000244140625,,False
0,0,5,0.78,0.44,5,True,-766.5,,False
1,0,5,0.78,0.48,5,False,-749.5999755859375,,False
2,0,5,0.78,0.46,4,False,-761.5999755859375,,False
1,0,5,0.76,0.46,5,False,-778.5999755859375,,False
0,0,5,0.78,0.48,2,True,-768.2000122070312,,False
2,0,5,0.74,0.44,3,False,-755.7000122070312,,False
1,1,5,0.76,0.44,3,False,-777.7000122070312,,False
0,0,4,0.74,0.46,4,True,-760.0999755859375,,False
2,0,5,0.74,0.46,7,False,-753.0,,False
0,0,4,0.72,0.42,4,True,-766.0999755859375,,False
2,0,5,0.72,0.48,4,False,-770.4000244140625,,False
2,0,5,0.76,0.46,3,False,-775.7000122070312,,False
0,1,5,0.78,0.48,3,False,-757.2000122070312,,False
0,1,5,0.74,0.44,3,False,-763.2999877929688,,False
1,0,5,0.74,0.44,5,False,-772.7000122070312,,False
0,0,5,0.72,0.44,2,True,-752.7000122070312,,False
1,0,5,0.72,0.5,3,False,-778.2000122070312,,False
1,0,6,0.74,0.46,3,False,-775.0999755859375,,False
2,0,5,0.76,0.44,2,False,-756.0999755859375,,False
2,1,5,0.72,0.46,4,False,-761.7000122070312,,False
0,0,5,0.8,0.46,2,True,-768.5999755859375,,False
0,0,5,0.74,0.46,3,True,-773.7999877929688,,False
1,0,5,0.7,0.46,6,False,-764.0,,False
0,0,5,0.74,0.46,3,True,-766.0,,False
0,0,5,0.74,0.42,3,True,-770.5999755859375,,False
0,0,5,0.74,0.5,5,True,-759.2999877929688,,False
0,0,6,0.74,0.46,4,True,-768.2999877929688,,False
1,0,5,0.76,0.48,5,False,-758.0999755859375,,False
1,0,5,0.74,0.44,1,False,-756.9000244140625,,False
1,0,5,0.74,0.44,1,False,-753.5999755859375,,False
2,0,5,0.76,0.5,1,False,-763.5999755859375,,False
1,0,4,0.7,0.46,2,False,-760.9000244140625,,False
1,0,5,0.74,0.44,4,False,-769.0999755859375,,False
2,0,5,0.76,0.48,4,False,-758.0999755859375,,False
1,0,5,0.7,0.44,3,False,-763.5999755859375,,False
1,0,5,0.74,0.46,6,False,-778.9000244140625,,False
0,0,5,0.72,0.48,3,True,-760.2999877929688,,False
0,0,5,0.72,0.46,5,True,-770.2000122070312,,False
1,0,7,0.78,0.44,3,False,-764.5,,False
1,0,5,0.72,0.48,2,False,-766.2999877929688,,False
1,0,5,0.72,0.46,4,False,-792.0999755859375,0.7526881720430108,False
0,0,5,0.74,0.48,5,True,-772.2000122070312,,False
0,0,5,0.72,0.5,2,True,-763.7000122070312,,False
0,0,7,0.78,0.46,3,True,-771.0,,False
0,0,5,0.74,0.4,1,True,-758.9000244140625,,False
3,1,5,0.8,0.44,4,False,-761.4000244140625,,False
1,0,4,0.72,0.46,2,False,-756.2000122070312,,False
0,0,5,0.7,0.44,6,True,-771.7999877929688,,False
0,0,4,0.74,0.5,1,True,-745.2999877929688,,False
1,0,6,0.76,0.4,0,False,-775.5,,False
0,0,5,0.78,0.46,2,True,-763.0999755859375,,False
1,0,6,0.72,0.46,3,False,-773.4000244140625,,False
0,0,6,0.76,0.46,2,True,-779.9000244140625,0.7473118279569892,False
0,0,7,0.74,0.46,2,True,-766.2999877929688,,False
0,0,6,0.74,0.4,7,True,-765.5999755859375,,False
0,0,4,0.76,0.5,2,True,-778.2999877929688,,False
0,1,5,0.74,0.42,3,False,-764.2999877929688,,False
0,0,5,0.76,0.46,4,True,-752.0,,False
0,0,5,0.74,0.46,3,True,-779.4000244140625,0.7258064516129032,False
1,0,4,0.7,0.48,2,False,-776.0,,False
1,1,6,0.76,0.48,3,False,-784.0,0.6666666666666666,False
1,0,5,0.72,0.42,1,False,-773.5,,False
1,0,5,0.74,0.44,1,False,-764.5,,False
1,0,5,0.74,0.48,4,False,-755.5,,False
1,0,5,0.74,0.46,4,False,-772.0999755859375,,False
1,0,4,0.72,0.46,2,False,-761.0,,False
0,0,6,0.8,0.42,1,True,-750.7000122070312,,False
1,0,5,0.72,0.46,4,False,-770.4000244140625,,False
1,0,6,0.76,0.46,1,False,-783.7000122070312,0.7204301075268817,False
0,1,5,0.74,0.44,3,False,-749.0999755859375,,False
0,0,5,0.74,0.46,4,True,-758.5,,False
2,0,5,0.74,0.44,4,False,-770.5999755859375,,False
0,0,5,0.74,0.46,1,True,-769.7000122070312,,False
1,0,5,0.74,0.5,2,False,-772.4000244140625,,False
1,0,5,0.7,0.46,3,False,-759.4000244140625,,False
1,0,5,0.74,0.48,8,False,-777.0,,False
1,1,5,0.74,0.48,5,False,-761.7999877929688,,False
0,0,7,0.8,0.48,5,True,-763.4000244140625,,False
0,0,5,0.74,0.48,6,True,-754.4000244140625,,False
1,0,4,0.74,0.46,3,False,-761.2999877929688,,False
2,0,6,0.76,0.44,5,False,-754.9000244140625,,False
1,0,4,0.74,0.46,3,False,-762.0999755859375,,False
0,0,4,0.74,0.46,3,True,-768.7000122070312,,False
0,0,6,0.76,0.46,5,True,-761.2000122070312,,False
0,0,4,0.7,0.44,5,True,-754.9000244140625,,False
1,0,5,0.74,0.46,2,False,-771.0999755859375,,False
0,0,5,0.74,0.48,3,True,-758.7000122070312,,False
3,0,5,0.78,0.44,4,False,-760.0999755859375,,False
0,0,5,0.78,0.48,1,True,-773.5999755859375,,False
2,0,5,0.74,0.44,3,False,-761.7999877929688,,False
3,0,4,0.76,0.46,3,False,-775.0,,False
1,0,5,0.7,0.48,3,False,-782.0,0.7473118279569892,False
3,0,6,0.74,0.46,3,False,-750.2000122070312,,False
1,0,5,0.7,0.48,4,False,-753.5999755859375,,False
0,0,5,0.76,0.48,3,True,-764.7999877929688,,False
2,0,5,0.72,0.46,4,False,-753.2999877929688,,False
0,1,7,0.76,0.44,4,False,-757.0,,False
0,0,4,0.7,0.46,1,True,-786.0,0.6935483870967742,False
1,0,4,0.8,0.48,5,False,-766.2999877929688,,False
0,0,5,0.72,0.44,4,True,-783.0999755859375,0.8333333333333334,True
0,0,4,0.8,0.46,5,True,-783.5,0.7473118279569892,False
0,0,5,0.76,0.46,5,True,-764.2000122070312,,False
0,0,5,0.72,0.46,2,True,-767.2999877929688,,False
0,0,5,0.74,0.48,3,True,-771.5999755859375,,False
2,0,5,0.8,0.42,2,False,-774.7999877929688,,False
1,0,6,0.74,0.46,1,False,-783.7000122070312,0.6612903225806451,False
2,0,4,0.74,0.48,5,False,-769.0999755859375,,False
0,0,7,0.74,0.46,3,True,-773.4000244140625,,False
0,0,5,0.74,0.48,6,True,-768.4000244140625,,False
0,0,5,0.72,0.44,3,True,-773.0,,False
1,0,4,0.76,0.44,2,False,-754.0,,False
0,0,5,0.72,0.44,4,True,-760.0999755859375,,False
0,0,5,0.74,0.48,6,True,-771.5999755859375,,False
0,0,5,0.72,0.46,6,True,-750.7999877929688,,False
2,0,5,0.72,0.46,4,False,-768.9000244140625,,False
0,0,4,0.76,0.48,5,True,-760.5,,False
2,0,5,0.72,0.46,3,False,-759.7000122070312,,False
2,0,7,0.8,0.46,3,False,-759.7000122070312,,False
0,0,7,0.74,0.4,4,True,-765.7999877929688,,False
0,0,5,0.7,0.46,5,True,-764.5,,False
1,0,5,0.74,0.46,6,False,-773.2999877929688,,False
2,0,5,0.72,0.48,3,False,-763.2999877929688,,False
1,0,5,0.72,0.46,1,False,-759.7999877929688,,False
0,0,5,0.72,0.46,6,True,-758.9000244140625,,False
0,0,5,0.7,0.48,4,True,-766.0999755859375,,False
0,0,5,0.78,0.48,2,True,-753.7000122070312,,False
1,0,4,0.72,0.44,3,False,-760.0,,False
2,0,4,0.74,0.48,2,False,-770.5999755859375,,False
1,0,5,0.72,0.46,1,False,-764.4000244140625,,False
2,0,5,0.72,0.46,6,False,-754.2000122070312,,False
0,0,5,0.72,0.44,7,True,-767.7000122070312,,False
1,0,5,0.76,0.48,2,False,-755.5,,False
1,0,7,0.78,0.46,1,False,-754.5999755859375,,False
1,1,4,0.74,0.46,3,False,-751.2000122070312,,False
2,0,5,0.8,0.44,3,False,-772.5,,False
2,0,5,0.74,0.48,6,False,-774.2999877929688,,False
0,0,6,0.78,0.48,5,True,-742.2000122070312,,False
2,0,5,0.78,0.44,5,False,-771.5999755859375,,False
1,0,4,0.74,0.48,2,False,-761.5999755859375,,False
2,0,4,0.74,0.46,2,False,-755.5,,False
2,0,5,0.78,0.48,4,False,-753.7999877929688,,False
1,0,5,0.74,0.48,3,False,-745.9000244140625,,False
2,0,4,0.72,0.44,5,False,-771.7999877929688,,False
2,0,5,0.76,0.48,8,False,-781.5,0.6290322580645161,False
0,0,5,0.74,0.46,5,True,-752.0,,False
0,0,5,0.76,0.42,5,True,-764.4000244140625,,False
0,0,4,0.76,0.5,5,True,-765.7999877929688,,False
0,0,5,0.74,0.48,4,True,-758.2999877929688,,False
1,0,5,0.78,0.44,4,False,-776.7999877929688,,False
1,0,5,0.74,0.48,4,False,-766.2000122070312,,False
1,0,4,0.7,0.48,4,False,-775.9000244140625,,False
0,0,5,0.72,0.46,5,True,-755.7000122070312,,False
0,0,5,0.74,0.46,1,True,-755.9000244140625,,False
1,0,5,0.78,0.44,4,False,-766.5999755859375,,False
3,0,5,0.72,0.48,1,False,-759.7999877929688,,False
1,0,5,0.72,0.44,5,False,-772.9000244140625,,False
1,0,5,0.76,0.46,3,False,-766.7999877929688,,False
1,0,5,0.74,0.48,3,False,-764.2999877929688,,False
1,0,5,0.72,0.44,4,False,-773.5,,False
2,1,4,0.78,0.44,5,False,-759.0999755859375,,False
2,0,6,0.72,0.48,2,False,-753.0,,False
1,1,5,0.74,0.44,3,False,-767.5999755859375,,False
1,0,5,0.72,0.5,4,False,-781.5999755859375,0.8494623655913979,True
1,0,5,0.74,0.5,4,False,-759.5,,False
1,0,5,0.78,0.44,5,False,-761.9000244140625,,False
2,0,5,0.74,0.48,2,False,-765.0,,False
0,0,5,0.74,0.44,2,True,-762.9000244140625,,False
1,0,5,0.72,0.46,3,False,-762.7999877929688,,False
1,0,4,0.72,0.46,3,False,-765.2000122070312,,False
3,0,5,0.76,0.44,5,False,-779.4000244140625,0.7580645161290323,False
0,0,4,0.72,0.48,6,True,-760.2999877929688,,False
0,1,4,0.78,0.48,3,False,-771.5,,False
0,0,5,0.78,0.46,6,True,-759.4000244140625,,False
2,0,5,0.74,0.48,4,False,-772.5999755859375,,False
0,1,5,0.8,0.44,1,False,-766.7000122070312,,False
0,0,5,0.74,0.48,3,True,-743.2000122070312,,False
2,0,5,0.76,0.46,4,False,-760.7000122070312,,False
0,0,5,0.76,0.44,3,True,-764.2999877929688,,False
0,0,6,0.74,0.46,5,True,-764.5999755859375,,False
0,0,5,0.76,0.48,1,True,-773.5999755859375,,False
0,1,4,0.76,0.46,3,False,-760.5,,False
0,0,5,0.8,0.46,2,True,-770.7000122070312,,False
1,1,5,0.7,0.46,3,False,-765.5999755859375,,False
2,0,5,0.72,0.46,4,False,-773.4000244140625,,False
0,0,4,0.72,0.44,5,True,-757.9000244140625,,False
1,0,5,0.74,0.46,3,False,-764.4000244140625,,False
1,0,4,0.74,0.46,4,False,-762.0,,False
0,0,4,0.74,0.48,3,True,-777.5,,False
2,1,6,0.76,0.44,1,False,-745.2999877929688,,False
0,0,5,0.76,0.46,6,True,-770.5,,False
1,0,6,0.76,0.46,4,False,-755.5,,False
1,0,5,0.74,0.48,1,False,-773.7000122070312,,False
0,0,4,0.74,0.46,3,True,-777.7999877929688,,False
0,0,5,0.74,0.46,2,True,-769.7000122070312,,False
0,0,6,0.72,0.46,7,True,-766.5,,False
2,0,7,0.74,0.46,3,False,-790.0,0.7096774193548387,False
0,1,5,0.8,0.48,2,False,-761.4000244140625,,False
0,0,5,0.74,0.46,0,True,-765.5999755859375,,False
2,0,5,0.7,0.48,3,False,-771.2000122070312,,False
0,0,4,0.76,0.42,1,True,-762.7999877929688,,False
2,0,5,0.72,0.48,6,False,-755.0999755859375,,False
0,0,4,0.74,0.46,3,True,-755.2000122070312,,False
1,0,5,0.76,0.44,2,False,-766.9000244140625,,False
1,0,5,0.74,0.48,4,False,-761.2000122070312,,False
0,0,4,0.76,0.46,2,True,-775.0999755859375,,False
1,0,5,0.76,0.46,6,False,-764.9000244140625,,False
0,1,4,0.74,0.44,6,False,-757.7000122070312,,False
0,0,5,0.76,0.46,1,True,-759.2999877929688,,False
0,0,5,0.7,0.42,5,True,-782.4000244140625,0.8494623655913979,True
2,0,5,0.78,0.48,5,False,-773.0,,False
1,0,6,0.72,0.46,7,False,-759.5,,False
1,0,5,0.7,0.5,3,False,-757.0,,False
1,0,5,0.7,0.48,2,False,-770.5,,False
1,0,5,0.74,0.44,6,False,-759.9000244140625,,False
0,1,6,0.72,0.5,3,False,-766.2000122070312,,False
1,0,5,0.74,0.48,5,False,-757.2999877929688,,False
1,0,5,0.74,0.48,4,False,-770.5,,False
0,0,5,0.72,0.48,2,True,-755.7000122070312,,False
1,0,5,0.74,0.44,3,False,-783.0,0.7365591397849462,False
0,0,6,0.74,0.46,5,True,-755.7000122070312,,False
0,0,5,0.76,0.48,3,True,-765.5999755859375,,False
0,0,5,0.74,0.46,5,True,-762.5,,False
1,0,4,0.76,0.44,6,False,-773.0999755859375,,False
0,0,4,0.7,0.48,5,True,-751.5999755859375,,False
1,0,4,0.78,0.44,5,False,-751.0,,False
1,0,5,0.74,0.46,3,False,-758.0,,False
2,0,5,0.74,0.46,6,False,-772.5,,False
2,0,4,0.74,0.48,0,False,-772.7000122070312,,False
3,0,5,0.72,0.42,4,False,-764.7000122070312,,False
0,0,5,0.78,0.46,6,True,-766.5999755859375,,False
1,0,5,0.76,0.46,3,False,-781.2000122070312,0.7956989247311828,True
3,0,5,0.78,0.48,3,False,-775.4000244140625,,False
1,0,5,0.72,0.46,6,False,-750.7999877929688,,False
1,0,4,0.7,0.44,5,False,-761.5,,False
1,0,5,0.72,0.46,3,False,-759.2999877929688,,False
0,0,5,0.76,0.46,4,True,-774.0999755859375,,False
0,0,4,0.8,0.44,2,True,-757.0999755859375,,False
1,0,5,0.7,0.42,3,False,-770.0,,False
1,0,5,0.78,0.44,1,False,-775.7999877929688,,False
0,0,4,0.74,0.46,0,True,-775.0,,False
0,0,5,0.74,0.44,2,True,-768.0999755859375,,False
0,0,4,0.72,0.46,9,True,-765.0999755859375,,False
0,0,5,0.72,0.5,4,True,-765.2000122070312,,False
2,0,5,0.72,0.46,3,False,-751.4000244140625,,False
1,0,5,0.74,0.46,2,False,-765.9000244140625,,False
0,0,5,0.76,0.44,3,True,-789.5,0.7634408602150538,False
0,0,6,0.72,0.44,3,True,-783.9000244140625,0.5483870967741935,False
1,0,5,0.8,0.44,5,False,-756.2999877929688,,False
0,0,5,0.74,0.48,3,True,-779.9000244140625,0.7096774193548387,False
0,0,6,0.7,0.46,1,True,-770.4000244140625,,False
1,0,5,0.76,0.42,2,False,-765.0999755859375,,False
1,0,5,0.74,0.44,1,False,-773.0,,False
4,0,5,0.72,0.42,3,False,-780.9000244140625,0.7741935483870968,False
1,0,4,0.7,0.42,6,False,-764.2000122070312,,False
2,0,5,0.72,0.48,7,False,-762.2000122070312,,False
0,0,5,0.78,0.44,1,True,-759.5,,False
0,0,5,0.76,0.46,2,True,-770.0,,False
0,0,7,0.76,0.46,5,True,-758.2999877929688,,False
0,0,4,0.72,0.5,2,True,-767.4000244140625,,False
1,0,5,0.76,0.44,4,False,-757.2000122070312,,False
0,0,5,0.76,0.48,3,True,-774.5,,False
1,0,4,0.72,0.48,2,False,-763.0999755859375,,False
0,0,4,0.74,0.46,5,True,-774.2000122070312,,False
0,0,5,0.8,0.48,7,True,-769.7000122070312,,False
0,0,6,0.76,0.44,5,True,-771.2999877929688,,False
1,1,7,0.72,0.48,3,False,-763.2999877929688,,False
0,0,5,0.72,0.46,6,True,-765.4000244140625,,False
1,0,5,0.76,0.44,3,False,-759.4000244140625,,False
1,0,5,0.72,0.48,4,False,-769.9000244140625,,False
0,0,4,0.72,0.46,5,True,-752.0999755859375,,False
0,0,6,0.76,0.42,6,True,-755.9000244140625,,False
1,0,5,0.76,0.46,3,False,-768.7999877929688,,False
1,0,5,0.72,0.46,2,False,-781.4000244140625,0.7473118279569892,False
0,0,5,0.72,0.48,3,True,-762.7000122070312,,False
1,0,5,0.76,0.44,2,False,-758.5999755859375,,False
1,0,5,0.74,0.44,3,False,-763.5999755859375,,False
1,0,5,0.72,0.46,2,False,-764.2000122070312,,False
0,0,5,0.7,0.48,5,True,-761.0,,False
0,0,4,0.72,0.44,2,True,-769.7999877929688,,False
2,0,5,0.72,0.42,2,False,-770.7000122070312,,False
2,1,5,0.74,0.48,5,False,-754.7999877929688,,False
0,0,5,0.76,0.48,4,True,-765.5999755859375,,False
2,0,5,0.76,0.46,0,False,-777.2999877929688,,False
1,0,5,0.74,0.46,2,False,-773.5,,False
1,0,5,0.74,0.44,3,False,-763.0999755859375,,False
0,0,5,0.74,0.48,3,True,-768.2999877929688,,False
0,0,5,0.74,0.44,2,True,-757.0999755859375,,False
0,0,5,0.74,0.44,6,True,-758.2000122070312,,False
1,0,5,0.74,0.46,0,False,-754.7999877929688,,False
3,0,4,0.76,0.44,4,False,-753.4000244140625,,False
1,0,5,0.76,0.46,4,False,-753.0999755859375,,False
0,0,7,0.74,0.46,4,True,-755.7999877929688,,False
0,0,4,0.78,0.48,5,True,-763.5,,False
1,1,5,0.74,0.44,4,False,-766.0,,False
0,0,5,0.74,0.44,2,True,-760.2999877929688,,False
1,1,4,0.76,0.46,2,False,-760.7000122070312,,False
1,0,5,0.74,0.46,4,False,-767.5999755859375,,False
0,0,5,0.74,0.46,2,True,-756.9000244140625,,False
0,0,5,0.76,0.48,3,True,-761.0,,False
1,0,5,0.78,0.46,4,False,-760.5,,False
0,0,5,0.76,0.44,4,True,-777.2999877929688,,False
1,0,5,0.72,0.48,2,False,-752.4000244140625,,False
1,0,5,0.76,0.44,3,False,-752.7999877929688,,False
0,0,5,0.76,0.46,3,True,-771.7999877929688,,False
0,0,5,0.74,0.46,1,True,-769.5999755859375,,False
1,0,5,0.74,0.48,5,False,-752.9000244140625,,False
2,0,4,0.74,0.44,3,False,-768.5999755859375,,False
0,0,7,0.74,0.46,2,True,-766.2000122070312,,False
2,0,5,0.72,0.46,3,False,-780.2000122070312,0.8010752688172043,True
1,1,4,0.74,0.46,7,False,-761.7000122070312,,False
1,0,5,0.78,0.46,5,False,-752.9000244140625,,False
0,0,5,0.78,0.46,4,True,-762.5999755859375,,False
1,0,4,0.7,0.48,2,False,-775.7999877929688,,False
1,0,5,0.7,0.48,3,False,-772.7000122070312,,False
1,0,5,0.72,0.48,3,False,-746.5,,False
0,0,5,0.78,0.42,3,True,-748.7000122070312,,False
1,0,5,0.76,0.42,3,False,-751.5,,False
1,1,4,0.76,0.5,3,False,-761.7999877929688,,False
2,0,5,0.76,0.46,3,False,-754.7999877929688,,False
0,0,5,0.78,0.46,6,True,-764.2999877929688,,False
0,0,7,0.72,0.46,3,True,-778.4000244140625,,False
1,0,6,0.7,0.46,6,False,-754.5,,False
2,1,5,0.74,0.46,6,False,-765.0999755859375,,False
0,0,5,0.74,0.48,4,True,-763.0999755859375,,False
0,0,5,0.74,0.48,3,True,-761.2000122070312,,False
1,0,5,0.74,0.42,3,False,-765.7999877929688,,False
0,0,4,0.76,0.44,1,True,-767.4000244140625,,False
1,0,4,0.72,0.46,4,False,-773.4000244140625,,False
1,0,5,0.78,0.48,3,False,-778.5,,False
1,0,7,0.74,0.44,5,False,-757.0999755859375,,False
0,0,5,0.74,0.46,4,True,-778.4000244140625,,False
1,0,5,0.76,0.46,4,False,-768.4000244140625,,False
1,0,5,0.76,0.48,3,False,-780.7999877929688,0.6612903225806451,False
0,0,6,0.76,0.44,4,True,-768.2999877929688,,False
2,0,5,0.74,0.48,6,False,-774.0999755859375,,False
0,0,4,0.76,0.44,2,True,-754.7999877929688,,False
2,0,5,0.78,0.44,3,False,-768.2000122070312,,False
2,0,5,0.78,0.46,5,False,-776.4000244140625,,False
0,0,4,0.78,0.46,5,True,-772.7999877929688,,False
1,0,7,0.8,0.46,4,False,-769.9000244140625,,False
1,0,4,0.76,0.44,3,False,-747.7999877929688,,False
0,0,5,0.74,0.46,3,True,-763.7000122070312,,False
1,0,7,0.72,0.44,2,False,-768.2000122070312,,False
1,0,5,0.72,0.44,4,False,-758.2000122070312,,False
1,0,5,0.76,0.46,6,False,-760.2000122070312,,False
3,0,5,0.72,0.48,3,False,-766.0,,False
2,0,7,0.76,0.48,5,False,-772.7000122070312,,False
0,0,7,0.72,0.46,2,True,-763.5,,False
1,0,5,0.74,0.4,0,False,-771.5,,False
2,0,5,0.76,0.42,4,False,-771.0999755859375,,False
1,0,5,0.72,0.48,5,False,-759.5,,False
0,0,5,0.72,0.42,2,True,-753.4000244140625,,False
1,0,5,0.74,0.46,4,False,-759.4000244140625,,False
1,0,7,0.74,0.44,1,False,-771.5999755859375,,False
2,0,5,0.76,0.48,3,False,-759.0,,False
1,0,5,0.74,0.46,5,False,-775.2999877929688,,False
0,0,5,0.72,0.46,4,True,-757.5,,False
0,0,4,0.76,0.46,2,True,-765.0,,False
2,0,4,0.74,0.46,2,False,-760.4000244140625,,False
0,0,7,0.8,0.42,3,True,-761.5,,False
0,0,4,0.72,0.46,6,True,-766.5,,False
1,1,5,0.78,0.44,4,False,-760.9000244140625,,False
1,0,7,0.78,0.48,1,False,-769.2000122070312,,False
0,0,4,0.74,0.44,3,True,-747.2999877929688,,False
0,0,5,0.78,0.4,1,True,-777.9000244140625,,False
1,0,7,0.76,0.48,4,False,-756.0999755859375,,False
