candidate_id,ensemble,composition_pc1,composition_pc2,composition_pc3,composition_pc4,arrangement_pc1,arrangement_pc2,arrangement_pc3,arrangement_pc4
original,current_construct,22.26904112037964,6.161174553541356,2.50041761657417,1.0705453419125983,10.844926774999147,-1.9061986976324088,3.137782894967344,0.19914445330350558
human_weighted_001,human_weighted,-3.6459393002249136,-3.107274148359794,1.2338382810243704,6.371824250930544,-0.8473281205489873,-1.8966469666650674,-1.5567368777418156,-1.8721840540630705
human_weighted_002,human_weighted,-6.354541910118055,-8.68285680708265,0.5149264094365037,-0.1831835481705371,-3.130081851340304,2.391970344838562,-1.4602713507741263,0.6132790085296038
human_weighted_003,human_weighted,-0.4393506728683736,-8.382914506198498,-2.1848702050441475,-0.8310728597540711,-0.2481830643696985,0.24769673857689248,-1.7460725906015786,0.027304636094362983
human_weighted_004,human_weighted,-2.276249398153423,-5.7271710425830396,4.243461385072732,-1.0481971643324095,-1.3665861131944852,1.9902753632941035,-1.2464512676309139,0.5490424587911733
human_weighted_005,human_weighted,0.3899882571234663,-9.633447417970483,-0.7584938777934641,0.21213509803623015,-1.9671936194130253,4.221469665187966,-1.6125994232733825,-0.22327112346276784
human_weighted_006,human_weighted,-2.4577597279545973,-10.083456409768702,-3.728374405145006,1.7626618325331171,-1.5965681247365544,3.108640506968367,-1.0819237630275078,1.027280282086233
human_weighted_007,human_weighted,0.6705435762484484,-4.280766240194802,0.34896180538139754,2.931306271369045,-0.9389876597231015,0.40231534004447267,-0.9048008141471355,1.6461500296758946
human_weighted_008,human_weighted,-1.7372804342298789,-11.460027715969215,-1.5547464133482767,1.8833067545529836,-0.5482122564603702,2.3549439139602812,-2.8247376130183324,-0.37575966493346585
human_weighted_009,human_weighted,-0.7044704094682093,-7.5773149475283965,-3.882555034118403,-5.263501342577941,-0.34673937738256644,2.3957662771370054,-0.8559283347373725,-0.47047979042062826
human_weighted_010,human_weighted,-3.3906631325582524,-5.571197987896385,-2.6767668227896086,-2.3633569220880015,-1.748802846520363,0.8241884802554827,-1.9166838835975937,0.04067870373730023
human_weighted_011,human_weighted,-8.154187047864143,-13.462745379691732,-1.1019356596426109,1.791167885608635,-2.7953936892117826,2.0973267591122253,-0.9632568495614,1.460096505292955
human_weighted_012,human_weighted,-1.1608231369853232,-1.248265196558532,-1.0860849997325372,0.8225540473050514,-1.2403586260468171,0.08924365887008148,0.01730456167219685,-1.2290861100603696
human_weighted_013,human_weighted,-1.3373400968334916,-9.662734071233551,0.9800694598195193,-1.0324255728563139,-3.061192439244045,1.1575729459237414,-4.6170753803856,-0.24141514494237507
human_weighted_014,human_weighted,0.2101483121230494,-10.13358730450097,-1.213877029297118,0.18978988133018831,-0.6913094250518697,0.605637500612244,-3.323579528278288,-0.7040949794577459
human_weighted_015,human_weighted,2.833246000576624,-5.899816376751042,1.4352551118318275,-1.2023236430514908,1.015100449941778,0.5906876476888522,-1.1668532372661768,-0.6376637807938496
human_weighted_016,human_weighted,-0.7022918435698138,-10.288336024910668,-1.9187969034537793,3.9092890370957973,1.034084065159663,0.5839769040503424,-2.578205356555706,-1.0052794699397616
human_weighted_017,human_weighted,5.184356967455544,-6.650785971211185,-0.3136297560209873,2.314169659398046,0.6429329582200629,-1.066469866781749,-3.5966327030369825,-1.6828954457852592
human_weighted_018,human_weighted,1.0487741512482724,-8.409533393482189,-2.0026347217604226,-1.2292413184098456,-2.056857662048189,0.6512556146597177,-3.3013371061297634,0.23916289539232524
human_weighted_019,human_weighted,-2.0364793157650283,-8.608907664782727,-2.599073344142901,-4.767035761806248,-0.8729422826244426,2.471010655216911,-0.6333654898835483,0.36668547115957806
human_weighted_020,human_weighted,-1.9762973500505119,-4.454098240954416,2.908426754317225,5.664648735104675,-1.1131162300073276,-1.0676524967865744,-1.755877618074003,-0.41995431450884324
human_weighted_021,human_weighted,1.620886920091932,-7.7220294379524095,0.03248793432688446,-2.0517721389153176,-0.3869487991634668,1.1107239547577124,-1.2980979120006126,0.19104952641294268
human_weighted_022,human_weighted,-1.4431794885501077,-7.191448860099925,2.3754910961813294,0.4498805346020242,-0.7662593323055309,1.5846633686266436,-3.1880411667368302,-1.8212195523399974
human_weighted_023,human_weighted,-0.01901748464409536,-2.4933136785812176,-6.996243344133446,2.278351996098507,-1.3972988491905332,-0.2568571898289687,-0.3894550629976392,-0.5741106749791084
human_weighted_024,human_weighted,-3.0555011198920514,-12.300323494100176,-3.266184717507835,6.2524072530373225,-1.0433224321901804,-1.190930389119049,-1.772924230781972,-0.9884714305751543
human_weighted_025,human_weighted,0.04312665587254827,-6.886530248199659,-3.183290011832921,0.3238442972366317,0.615844291834732,0.9300935172949752,-1.4788635793716005,1.181357558945118
human_weighted_026,human_weighted,-4.766037067545749,-9.340708738699156,-2.032639436175679,1.3282477279124256,-1.185862325166088,-0.5669967233863121,-1.294109058370272,2.0115423829223174
human_weighted_027,human_weighted,-2.370168753817108,-7.869843535868231,-0.8268536641776587,3.190621166548985,-0.5760294859074775,1.9788945332275178,-1.6628439634509542,0.5921411261820426
human_weighted_028,human_weighted,1.6005655765830067,-1.591133873737455,3.3414772447970216,-4.319706250024268,0.7724094703648539,0.870028794580023,-1.878105008510329,-0.11573293720882236
human_weighted_029,human_weighted,-6.77064957530774,-10.792840906759697,0.9658522537719437,-2.073295089204428,-2.8008290664714552,0.6681626114887403,-1.6175730394054768,0.3574934343065119
human_weighted_030,human_weighted,4.236262812309166,-6.34246691860019,-0.26555743753080324,-1.6911160375632708,1.0551592769498677,4.787361748364371,0.6234616075406727,0.40272019199069065
human_weighted_031,human_weighted,-4.434156067205301,-5.482689340043429,-3.4946017824307343,0.30077180855956825,-3.2958107811094086,0.4471561608953215,-0.2537041070812699,-0.25670048024345626
human_weighted_032,human_weighted,0.7303052599585307,-3.4107492339592707,1.1030555038675462,5.259486280471426,-1.110638104975243,-1.2811787862322948,-2.8620381520387244,-2.8197065542853124
human_weighted_033,human_weighted,-4.391615954339118,-7.451649543668333,-1.4148394637883763,6.087918170827651,-1.7551771793395998,0.9271076745548842,-2.2803651823795357,-0.6576546771558193
human_weighted_034,human_weighted,-3.099759045381301,-7.957210088622002,1.032570404965889,-2.4046736239592574,-3.111565509028254,0.04938225377881575,-2.230708106586296,1.5163295489099957
human_weighted_035,human_weighted,1.1861275921989876,-11.697801623976687,-2.165657174790285,-2.280768316314492,-0.45311548620402897,1.1262071518392989,-1.844173704809858,0.3391272348027722
human_weighted_036,human_weighted,-2.4399888760634276,-1.8126155988199937,-0.9366579372628963,3.4219520541611916,-2.08382784139915,-2.5213377821341836,0.1973614555823962,-0.8774377158358124
human_weighted_037,human_weighted,3.0064570584415815,-11.9923477079058,2.7402494881371813,-2.523918230220212,0.5046289074889079,1.5362915189677817,-2.1101723449760623,0.5592803493706573
human_weighted_038,human_weighted,-2.4276120638011633,-11.999557925236513,-4.76796449786347,-0.40737148681405905,-1.9117084523689445,2.890095367252229,-3.0562441477211886,-0.26960358615918223
human_weighted_039,human_weighted,3.178430534640091,-7.892162684227495,-3.3631729684216594,3.4640155421938816,1.051586196204092,4.106378180115316,-0.04983038888092495,-0.14787393714439093
human_weighted_040,human_weighted,-4.227064038484206,-3.7926824059375255,0.500796377098946,-1.2090873433092915,-2.1265680294354565,0.01339428738869372,-1.9916064630637504,0.9656000733947268
human_weighted_041,human_weighted,-0.4732943173710158,-7.7263558674115025,-2.6111608113758558,-1.822599467130337,-0.04006115352359796,2.250542262659744,-2.3864202779583623,-0.028935216402753566
human_weighted_042,human_weighted,-2.7731388075086176,-5.749287668129339,5.1612695876237265,-1.4937192052362367,-2.313772529706399,2.279185799009106,-3.263802754102875,-0.18391425988751328
human_weighted_043,human_weighted,0.7625033271242998,-10.038860507729929,1.4361108749413183,1.6430613099044755,-1.2090365765018563,0.48056725373660436,-3.188190502321326,-0.8956119797451869
human_weighted_044,human_weighted,-2.596603612964632,-6.716908563755025,-0.6162479464649204,3.460095084665246,-1.1351041918681712,-1.1968772620959802,-0.4361178235840888,-1.6323605337326486
human_weighted_045,human_weighted,2.1837762169605295,-9.257572615888561,4.1113975771288525,-5.071580901647752,0.608234655854885,2.4628732892651497,-2.349869551975482,1.6624877223606531
human_weighted_046,human_weighted,-1.5776795169236006,-10.668636736016051,3.0245646469960503,-1.3383738806710472,-0.4888850879745532,0.6866861264149864,-2.1225378810871054,1.5983793189208848
human_weighted_047,human_weighted,5.174673470851419,-9.121343531180262,-6.528615498181939,0.42776299518950206,1.1998123444708289,2.812934862698545,-0.8267006564184578,-1.6783871894725055
human_weighted_048,human_weighted,0.5843622982759644,-7.3149319309014,2.4155718960935206,0.6580792376706757,-1.3181083985714124,-1.588671319343313,-1.33093206508951,-0.06904260630235601
human_weighted_049,human_weighted,2.191311244817255,-2.186174470453362,0.606112138479794,1.957754564052347,0.01435600240742163,-0.5154713457224394,-0.47417116963853156,0.009983796351753643
human_weighted_050,human_weighted,-0.2956102371471818,-4.814800806690629,4.801192058322433,-1.4999883986596882,-0.9300565665817371,0.14333043405383164,-0.5413047741793231,0.25859124419643054
human_weighted_051,human_weighted,-4.271021643658234,-8.88537367743697,-6.423885674493971,1.084723821406567,-2.429944185944767,1.9478053106392677,-2.0578198976747686,0.09125850453532083
human_weighted_052,human_weighted,3.6994980017170978,-11.01936609330186,-5.6858858976076565,-3.5109802762754256,-1.0693693073080701,2.626399650176369,-2.0200998011192333,-0.44670751350019233
human_weighted_053,human_weighted,-4.570917755427848,-5.652776074078403,1.5049385716019725,3.609701271046832,-1.2469368420662996,0.6783065212690954,-2.1894730489367005,-0.8276822569531036
human_weighted_054,human_weighted,-1.5562704139862777,-4.299403020118903,4.045703136356293,-2.8629088080526466,-0.7662403922015266,-2.024395749827158,-2.572271265350186,-0.025657274481737047
human_weighted_055,human_weighted,3.395406611881457,-1.0037882704076777,0.7678957818672446,0.571827667149704,1.7785925950884374,1.9021254579602689,0.07266223909625369,-1.1583678659106242
human_weighted_056,human_weighted,0.22034890559327458,-6.663323104683521,-2.5878787597786497,-1.214685349403925,-0.3713117272854145,2.828089168686221,-0.7117527386664195,1.3323358205987836
human_weighted_057,human_weighted,-3.2117840682712977,-10.652879368984225,-4.814716603953823,1.5923309641007521,-1.849101245898146,1.3589161156454888,-1.3293824300328523,-1.8588805281965572
human_weighted_058,human_weighted,-8.461664811232975,-5.41267598146335,-2.2676098856602995,-4.276287691464474,-3.732288015160038,0.634163626352291,-0.20065224070775822,1.9583968568693875
human_weighted_059,human_weighted,-6.968768231248244,-7.397610090696164,-0.1266179668817743,1.9484255859087085,-1.0119781089701059,0.29243559872685543,-2.7832896267777625,-0.12636567924138767
human_weighted_060,human_weighted,1.9512237126010508,-7.290828553629881,-6.402771358520716,6.044685887310006,-0.44866942912668684,-0.9359166311734024,-2.803225025197079,-1.4711426004617547
human_weighted_061,human_weighted,-1.057401843538754,-6.764960679438824,-0.9381887196616657,-0.8655732065831667,-2.548258759176636,-0.006327263746715245,-1.6716055887807526,4.09879746699806
human_weighted_062,human_weighted,1.553745363604131,-2.2127772973321287,0.15655087722653505,0.5375153522016423,-1.2151591314007226,0.2876593742510398,-0.47272351305743654,-0.7631233313048359
human_weighted_063,human_weighted,-0.42308399307500544,-5.342237264930423,5.917303324614595,2.0544006225939606,0.3417524772130123,1.0227827861553827,-0.5612819990898539,2.3620913417572362
human_weighted_064,human_weighted,2.1912369916230237,-11.304231314987788,-5.230304668185652,0.7366630221205042,-2.628352532052819,1.7045776372462507,-0.7270103751662902,-0.6029032728534345
human_weighted_065,human_weighted,-4.141865034768356,-8.350459412215958,1.9823919128487288,2.936218114403459,-1.9140621307636612,-0.43253383301018267,-2.5575534686312107,0.31271739339141447
human_weighted_066,human_weighted,-3.937292405581953,-9.388007667902412,-0.7779513432204292,2.6423633527394577,-1.4069969638369435,0.7119458172657986,-2.558112445992681,-0.5380282664416007
human_weighted_067,human_weighted,-0.6863336655052574,-10.242399735223808,1.2990708795561479,-4.821484646398344,-2.3282722394567825,1.8292574962678996,-2.0076922569114797,1.9972683232879014
human_weighted_068,human_weighted,-0.4637421116794851,-6.147880212085246,-4.796594602153096,-2.739891459090584,-2.6061051402628292,-0.05104497278298456,-2.149402554504961,-0.07573518948619104
human_weighted_069,human_weighted,-2.2756236459669026,-7.2469166546077926,-0.39608354188205763,6.618129253020263,-1.1292229333833492,0.28095562876277524,-0.48718327266820993,1.5751102344767376
human_weighted_070,human_weighted,-1.8995721726919186,-6.8517802320692525,-0.17791118585293753,0.188763492077272,0.38441496548469667,1.3051039654849095,-1.082773443707873,-0.344304724269919
human_weighted_071,human_weighted,-4.320922563466919,-9.870233579177055,0.15798308497187896,-0.7369708983440058,-1.7520171844473644,1.1185878457460194,-1.3533441147029919,0.6102733608065304
human_weighted_072,human_weighted,1.877852589744867,-7.856587740464878,0.5205043898871774,-2.2176075694465944,-0.22961830225633095,2.262815813471256,-1.096893579241486,-0.5422293657835093
human_weighted_073,human_weighted,-3.0259811574737157,-8.753096326683435,6.114270250632894,-2.1414447198314233,-1.6933628112303993,1.7946595981216575,-2.395706621268767,0.7382843207569914
human_weighted_074,human_weighted,1.1927788728156141,-7.641651930825178,-0.41212735148480634,-1.1170840319590845,-2.482908824006951,0.312165522185869,-1.4000609272979827,0.5245958522926772
human_weighted_075,human_weighted,2.449761585234187,-7.605031081033024,-3.3323238817566807,-1.1741582367474548,-1.8676272088585448,0.023809647658189964,-1.6083423505580359,-0.7137929347101324
human_weighted_076,human_weighted,-2.0234775619007657,-9.16878685160519,1.4313241841333735,2.683862218611145,-3.465138659393818,0.10337158704090768,-3.900999748894837,-0.7572637687101111
human_weighted_077,human_weighted,1.0815472017482488,-9.92527509843973,2.6961691756701875,2.4409149159231847,-0.12063113493497246,-2.3863279355487172,-1.316906470832603,0.44207765758920914
human_weighted_078,human_weighted,4.5459175183983245,-6.850102767720424,-1.8831311068931007,-5.70655044639876,0.6615557658260669,4.134975420691647,-0.17023961440715696,1.3246787128763837
human_weighted_079,human_weighted,6.035092007236594,-8.805734278132068,2.1961428903536886,-2.264746027668008,-0.1683003644584642,-0.6071487587302165,-2.204457402558639,2.2501031125566935
human_weighted_080,human_weighted,-2.39977516599561,-6.2975697329788805,-0.7722829999021144,-1.0835277581176834,-1.8006845136967708,-0.6322055288208425,-2.4892280954974733,0.10670824635041157
human_weighted_081,human_weighted,-0.45851058521055066,-8.424095144067646,-4.364684205637763,1.117318551136571,-1.4899974474241913,1.6702404470777712,-1.2372031103913619,-0.340902185562435
human_weighted_082,human_weighted,-2.0562751301402518,-8.166610574228825,2.429666101618509,-2.799214270982009,-1.6221316781349118,-0.5561845204856908,-1.787991125990192,1.969547308476138
human_weighted_083,human_weighted,1.4537192665793857,-8.889948481805247,1.8555172454969826,-5.442328922258412,-1.779582985034574,1.4669888692909725,-1.467296117970354,0.43833601252641485
human_weighted_084,human_weighted,-0.5751889274926629,-8.992305285209596,-0.3856042296596741,-1.6700449026914932,-0.0974985949368623,2.4106906584886234,-2.0298677133040197,-1.1255423082585951
human_weighted_085,human_weighted,-0.4546322880279412,-10.59869608955512,2.2910379998851047,-3.844485342497563,-0.9789005491764811,3.028355771210007,-1.304149660143945,1.8913095228912291
human_weighted_086,human_weighted,-3.120329762788426,-5.317966257390109,-1.9222714285197902,3.1448838275317965,-0.8665009537323538,0.15183615166159223,-1.3438609602654439,1.0652382026209177
human_weighted_087,human_weighted,-2.8306289908973348,-5.755672109197789,3.066574245760188,2.323267183916965,-1.3249586663286146,-0.8250395973845925,-3.36492237862702,1.7983286735768855
human_weighted_088,human_weighted,4.51853396836704,-7.582377248220881,2.8437545689734613,-0.47813051610732665,-0.8364322885996214,-0.6979845626812896,-1.8842550946481347,1.5437820752268159
human_weighted_089,human_weighted,1.6222447561521296,-5.650045590483035,4.103278530469256,-7.087624542256888,0.6662514458177236,1.4851049128399745,0.16073320615864084,3.617808414716168
human_weighted_090,human_weighted,0.01975895504027214,-4.2067630708369235,-2.127232578332537,1.8813671894081607,-0.5509164875327408,4.2101474008240665,0.13226649727063378,0.5203801970316249
human_weighted_091,human_weighted,1.3174507506949187,-7.767845296136157,-5.343353721322651,1.8240824189122538,-0.2642460185166491,0.8439187074236455,-2.260724513506937,-1.299635166406312
human_weighted_092,human_weighted,2.3176014253218202,-5.347261122912515,0.22957044676848593,-5.308014711882704,-0.6853445909886786,0.9814232912227444,0.17048647680174678,-1.9856629938943213
human_weighted_093,human_weighted,-4.920174438303198,-5.486107427390646,8.854452556697792,2.2175330130319595,-0.7517458260601417,0.3447988843334907,-1.292797070492265,0.4911016547270729
human_weighted_094,human_weighted,-0.689659864354649,-6.999693672115992,-4.759360129428806,2.238546930522686,0.7984266092378065,0.681849164958953,-2.7053868384176183,1.3915533125401287
human_weighted_095,human_weighted,-0.4781364441990785,-3.9940017275189437,-5.3008776398347415,-0.46284918355073007,-1.0586493245169977,0.3799754497121489,-2.1451615660982486,-2.033389880121556
human_weighted_096,human_weighted,-0.04280579757994474,-7.960156052957991,-3.4967581832856225,-0.11921840071549422,-2.0231866792859416,-0.09864587700253337,-1.6562932202478935,-1.1347451931919377
uniform_001,uniform,-16.703000862410907,5.5998394610311815,0.3568225787732645,-1.2446549321880491,-5.1031558056224515,-1.4346912817297854,1.2912861802426576,0.23170679838717775
uniform_002,uniform,-13.779511106380626,4.812049363708092,-0.34177676008173563,-2.183482616500068,-5.0089546922366965,0.46605308648678123,1.9785472235426156,-1.0555616765693863
uniform_003,uniform,-15.335556926623967,1.7548001048008959,5.060875344885863,8.060804976334852,-3.450549127110002,-2.20092134364207,0.21683796969530933,0.9274277726311699
uniform_004,uniform,-12.648236334405254,-0.35707691912765505,-3.6762042514110447,-0.696905462079358,-4.1709869777488935,-1.2426775130303065,-0.6298831863448344,0.41819423901194996
uniform_005,uniform,-12.927249655110346,4.657690015615865,0.21021538536158813,3.9767000421123684,-3.143909521519448,0.01473977320597733,0.24172093389391947,-0.734472484499628
uniform_006,uniform,-9.876998967355185,7.246553702832721,-1.6856269648541533,-5.221590400652006,-2.946594289857141,0.9036742702197432,1.0289416925885482,-2.7742710843186504
uniform_007,uniform,-13.729682755422859,-0.22032272035645217,-5.859345416364095,9.336470051567247,-5.161109334389469,-1.3103598424483909,-1.1857833378649767,-0.9520992356212075
uniform_008,uniform,-10.883105889578893,1.3079313387724587,-6.473570652584354,3.914035703779668,-3.8292019039607545,0.5841997675328322,-0.5356075639159206,-0.032022692876068765
uniform_009,uniform,-14.57875573124874,0.6680999712058067,-2.341923900417462,3.6527271903748812,-4.345321120939895,-0.9736749911154067,0.6196103682340179,-0.3185266107286948
uniform_010,uniform,-14.674296334346907,5.366634332181796,0.24823070476890763,-5.120890581690916,-3.231792291259548,0.2285606730196945,0.9809643578414929,1.3628848850427724
uniform_011,uniform,-15.46358599937924,0.9427264925365648,4.928774005565022,-3.0506295086112982,-3.983106483239747,1.5332514254082101,1.8593004416117513,1.5798887763379623
uniform_012,uniform,-10.904165649218301,-2.0769119240742864,1.819694478362428,-1.6077226810392653,-3.573676578184732,0.7283363837144841,-0.41716400554220523,-0.49722776565336047
uniform_013,uniform,-16.102528266194007,3.4189642560254887,0.09717255588051199,-1.6398002107435983,-4.776820879725428,-1.365219544430116,0.24226928902207173,-1.837189684234082
uniform_014,uniform,-12.690669188815049,1.979178236740429,-3.441427282626189,0.8368384612394106,-4.729110779514054,-0.0531070588954842,0.448110434914863,-1.2722356182857453
uniform_015,uniform,-13.629539446687236,4.908146585218397,1.792930736196873,-5.322276719461536,-4.387734922210509,0.29359714309476237,1.9477236956522028,1.9237283811557342
uniform_016,uniform,-13.818519984365,-1.1266136406095333,-5.236805739573633,0.058820155810518526,-4.568430547531774,0.7132279960769342,-0.07201230412908477,-1.742191526640809
uniform_017,uniform,-14.220620616915388,3.8361085490173643,-0.4221383755963341,0.6508328302457569,-3.353687452806886,0.5128510774055919,1.0208790883983019,0.6888850270493885
uniform_018,uniform,-18.352988230284936,6.598300451386521,-2.9867089019948727,1.8934140455500479,-3.699934168944111,-2.3430356013941553,1.395340470838497,-1.281522874784137
uniform_019,uniform,-14.563487092270556,0.8285000867887291,1.4799526729574914,2.9217630069269247,-4.68239228855516,-0.40861429307732056,-0.7722590480754581,-0.8539719003024644
uniform_020,uniform,-14.016563788101815,0.604472733106955,-3.865265437783198,0.5046049972435263,-4.601008057205985,0.5932407563399079,-0.11628873100419712,-1.922420905816185
uniform_021,uniform,-15.740481614577034,2.3530908874722756,-3.8818706916041696,-1.2647317012130264,-5.619665440113759,1.6199768907886534,0.07954659330727498,-0.8851261065800269
uniform_022,uniform,-12.609022925108178,7.960770383711696,-3.7332123993308417,-3.1026814372228695,-4.052565791694778,-0.1831725377893871,1.5247259871029164,-2.3916779764116476
uniform_023,uniform,-13.271520330830263,3.173614203665406,-0.9483301446723129,1.5604177702606674,-3.6054654373686157,-1.8411120914965449,-0.02652182505178624,-1.5240237695098071
uniform_024,uniform,-19.479885183007962,0.6927577339361664,2.2314825528715017,3.299690347053792,-5.58790852069068,-0.8033632714926372,0.014563063363649764,-0.5941173073743166
uniform_025,uniform,-10.858917806106195,4.384156698779583,-1.2848152778266555,3.477759244147514,-2.6976555825962163,-0.4240524445394893,1.1280141073542342,-0.5711219120089104
uniform_026,uniform,-11.511611011177092,4.424463123059795,-1.6473728810965271,-6.30138536324878,-3.8205915128292665,0.18432346824863702,0.5252565868909783,-1.8287911840528552
uniform_027,uniform,-17.56838524948785,3.9554611332016725,4.640725332584971,7.272832589025146,-2.980205930076276,-1.3330342893592075,-0.4087626435873226,0.20688780970360157
uniform_028,uniform,-16.138797588294917,5.609814000291049,-1.6173930615958434,-1.2025750881899067,-4.550778753230845,-0.3367334047614239,-0.17933436086033905,-0.5408942875018671
uniform_029,uniform,-9.627620077656893,3.4789939514572406,0.3948507404461342,3.049772620194891,-4.037618034048418,-1.5155583498621328,1.9224384211854217,-0.06517185694731095
uniform_030,uniform,-18.567933133529433,3.9206322114067134,0.3617031429723928,3.2339758124060487,-5.591409170628372,0.6281688525575356,-0.2699806340030487,-1.965255645409309
uniform_031,uniform,-16.645540167856435,1.209730380536561,2.4741339610421766,2.5675334593527723,-5.04977415807633,-2.3558627590248187,1.5376085463554015,-1.1993068145864585
uniform_032,uniform,-12.615130154752304,-1.0533518454426583,-1.9956410090485202,2.667197641284547,-2.3887144254575787,1.3721237424280568,-0.8149688702311328,-0.8939461252799981
uniform_033,uniform,-11.470872900244457,1.7567808593630776,2.4107289466380823,3.7566519683906865,-2.767924636980302,-0.42722498661738284,-0.09095827079868612,3.4219312094894834
uniform_034,uniform,-11.543101860954604,3.230773321887117,-0.6494516132809531,-0.6606994495403415,-3.687590982206558,-1.7872508180164675,-0.2814005235243242,1.7066507262095836
uniform_035,uniform,-15.827562670287538,8.083686098559234,-1.111523964660106,1.0224426377730362,-3.9357658046025086,0.8277016167948869,3.948320686048213,2.5118815381945985
uniform_036,uniform,-15.75404059404929,5.874688092712046,-2.150685326040937,4.564107066422471,-3.5103115799889766,-1.537607860148887,1.7374679163786075,-0.6241532337995462
uniform_037,uniform,-16.34763846918409,7.102015377540118,-3.944575203758443,-2.3847342822629227,-4.083838811954079,2.4325655804661257,3.746316852672928,1.4105227767025688
uniform_038,uniform,-18.622305090433564,3.8222178609767656,-0.9590926960145383,-2.5449514685571586,-6.136338150541562,-1.3085451420596694,2.2116506135418694,0.7839088866618957
uniform_039,uniform,-12.099327912519353,0.020462548059289265,-3.2595860785912856,0.03924237053825136,-4.0034880549407195,1.9177638234990486,-1.0630382090361807,-0.2322757505332297
uniform_040,uniform,-17.760631339637328,2.465726989720448,0.05431357052327279,0.7025696311331555,-3.33110729818154,0.9487095553361703,1.3821888622970746,-0.8440033197245999
uniform_041,uniform,-18.029255700619753,-1.4651195411985292,3.343177241858165,2.0871086695469168,-3.899301667170659,-1.7046010959548534,0.6503503018213046,-1.1400902480219897
uniform_042,uniform,-11.734270423918119,10.013140521112275,-7.92302936508526,-2.1464669350341063,-2.402508511533983,0.802824388401897,3.1858533313766855,-1.5656966192189339
uniform_043,uniform,-11.963869093159486,-0.679624698998063,-5.335092867712914,1.480365733746863,-3.4728031897388765,-0.1570109517490024,1.229566804017853,0.19310447929861832
uniform_044,uniform,-16.0807193820858,1.1930214919210638,0.18303988089364587,-5.498089822879452,-5.747066883571625,-0.2033742605247098,1.3874648460077639,0.8093617870102885
uniform_045,uniform,-15.877219952318095,6.62383827650183,-4.3111957114216715,0.6674592413325862,-4.183032042700389,-0.5838756368492491,2.6371137800156923,-1.2133187921943058
uniform_046,uniform,-12.3044272471183,0.9281030528389351,-1.9250466068552945,-3.5681822738176394,-4.539325082277337,0.01961139651181018,-0.026369915050443837,2.0352677900701663
uniform_047,uniform,-21.647012913143485,-0.806596944825305,-2.9582910047250133,7.83026663803391,-4.851670640426704,-1.8967574411023416,0.2355920441499577,-0.6594668407820494
uniform_048,uniform,-15.926470911733897,1.4691784483479366,-3.6037345193688894,1.5309398090736879,-4.588237749612252,0.10832540389389064,0.0035571423736571184,-1.0698691325207215
uniform_049,uniform,-17.537205310067318,6.375580497826028,-2.6773816099575876,-2.970782077191656,-4.171727986115238,-1.3103484221466533,1.9945206824203265,-1.663701792255929
uniform_050,uniform,-14.94985977610291,2.3844864715498377,0.12290439700305611,2.4357727959233215,-4.478311928250456,0.12083084011389658,1.9432239151900306,-0.17511326326293106
uniform_051,uniform,-14.565239179742722,3.2334546446085737,0.5329291522413652,1.8269636286258142,-4.7968811152747115,1.471767581380538,0.7725669651900915,-1.4594123286777079
uniform_052,uniform,-15.963927030816839,2.297594180002518,-1.122800507616387,-1.4384904045201952,-4.29012303363041,0.2048583057773504,0.9327452806415969,0.9075086582849536
uniform_053,uniform,-12.349093933715267,1.2910945418383708,3.4511666087226636,0.38876624477751415,-2.935762151265326,-0.8450786887502202,1.3586930220774494,0.9361312312096444
uniform_054,uniform,-18.725048816816635,1.2058729821248706,-0.9016271231945443,5.0867899088478,-3.958843920934338,-1.050904825258648,-0.04191485395997818,-1.6496372881642098
uniform_055,uniform,-16.778631847631285,6.914858917682435,-3.220296925294903,-2.305334888594962,-5.781527662336416,0.6063464499648404,1.8374766060060903,-1.6906792254601033
uniform_056,uniform,-15.531529826792767,1.7511920641300822,-0.2959830227527992,2.555856352286039,-6.7311095291318,-0.20112347890365742,-0.8673565906314367,0.4151929692724483
uniform_057,uniform,-16.381601266368502,4.783689441618892,5.569057228371912,0.8048480194501357,-2.61175904791276,0.6332956837890338,2.106323260476763,-0.02919880990008006
uniform_058,uniform,-7.9598479072924375,7.302792380001302,2.5534936499013763,-3.0063141031427,-3.9197175725849966,-2.071306145554271,0.9743119893549292,-0.044252490527345895
uniform_059,uniform,-11.29298863091162,1.8322263831079533,-2.3251280957496414,2.1298303503096614,-3.3191542344583675,-2.2921212211054707,-0.9267279202967651,-2.0179107281028323
uniform_060,uniform,-12.37772835484633,-0.12615077907888805,-2.059999349410836,2.967939710125301,-4.018784123452439,0.4820694498944621,0.026053074333966975,-0.08167295291321278
uniform_061,uniform,-16.073737209987698,8.077678496889787,-1.97943296711091,-3.164861876157422,-4.099471060188061,-0.06249332001740002,2.983545591896837,-0.5240649633821941
uniform_062,uniform,-16.102089594183376,5.986849922203843,-6.282221325430808,-0.4217001253794495,-4.3625829159990746,-0.15795151850549358,3.349423225289861,-1.442144989615259
uniform_063,uniform,-12.324238419812705,3.177729957566099,4.691435345600213,2.7725558077817642,-3.953600157798817,-1.774561353253228,0.15884272681909262,-0.79954479911949
uniform_064,uniform,-13.976430118578781,1.6800998299247332,2.8998628094383956,4.694923156589692,-2.2041012537702795,1.8269874295617277,2.586424056797065,0.11729212243171092
uniform_065,uniform,-9.312125567995793,5.899289493906761,2.6029257627246394,1.1156732822020097,-1.2927798344342283,-2.08759318031336,-0.6040605149968157,0.0359477679206657
uniform_066,uniform,-14.999932878512478,4.812827747990699,1.5049957300934391,-0.026558166626732993,-5.285703884351497,0.03510726207386286,2.126418408706654,3.323005136220096
uniform_067,uniform,-13.318772098735185,-2.3695261405718373,3.8928485917120406,1.7724361284644126,-2.9121818550367125,0.9537305793835357,-0.45234489745864126,0.52018674930231
uniform_068,uniform,-9.897069047915107,6.327911960550975,-5.195136718393849,0.6677596998611615,-2.2846950129035015,-0.16115428317759786,1.5585589824590147,-2.386482668561419
uniform_069,uniform,-10.382331618451914,2.5807918845769278,-3.815551153319857,0.8730072527444108,-3.141268033820139,1.3215619252354551,1.8095615994468113,-2.048853758289268
uniform_070,uniform,-15.08809258931232,4.325539554241191,0.8256158505765098,0.4734311169180045,-2.863829027685729,0.4766900244311726,0.7302035763917593,-1.852375356442669
uniform_071,uniform,-13.037532162933385,3.676414765426996,-4.804186582399804,-1.2264428774347462,-4.275579237622956,1.9285946632284798,1.00041915375306,-0.6631396784743184
uniform_072,uniform,-16.21922941272667,0.5858567411047009,-7.500670117992003,1.8531505905771537,-4.499294921862822,0.3140591384938547,0.5482804980861413,-3.8481789008236866
uniform_073,uniform,-19.154183660667076,2.307970786733147,-3.3230595461334107,0.10435505002563644,-5.134912487139027,-1.4025048742251358,1.2121644774423868,-0.4252306799231941
uniform_074,uniform,-9.96907907200737,-3.487916903256762,-1.9457032189228567,4.405359539955986,-2.005279763622372,0.08301697462540689,-2.2826116039896838,-0.3243172336655675
uniform_075,uniform,-13.74849522380466,3.1002814215324346,0.1229096573374856,-2.7656951822451075,-4.362690807727745,-2.271658479477448,-0.31567737118634487,-1.0825468219882122
uniform_076,uniform,-14.083425999675308,3.9190851831884115,-2.6388580398768346,7.246540140916422,-3.991800436164324,2.347833261472414,0.6899911989645665,-0.3195291933040775
uniform_077,uniform,-10.571913517326966,6.526014193406736,-5.3926461532559005,-0.4309845646752169,-4.14064914719215,-0.1288160446152302,1.5538092363292768,-3.551681967543301
uniform_078,uniform,-9.88224035261494,3.9772900603926384,1.694909053929321,-4.308384162412899,-2.7419545938088348,1.320235662347579,1.8496497499405855,0.9654660096240129
uniform_079,uniform,-15.110244248765138,0.3440377220256505,-3.3811209972465917,3.719853718560857,-3.666846984710036,-0.5797347419795016,0.7909218092149701,-0.37801297803345446
uniform_080,uniform,-12.898864841722894,1.8035798700046992,-0.6741590577853617,-4.625171619200324,-3.775824891601502,0.27190987518019505,1.296756570018891,-0.11163399074535439
uniform_081,uniform,-16.66286683059925,5.05788291841183,-5.621154468714448,2.689146747870901,-3.9472731620926593,-0.8566140623252853,-0.26640771015340203,-2.6009226670276915
uniform_082,uniform,-16.040606889629817,6.049219298851741,-3.303335615333507,0.2292607163289852,-5.724080340641426,-0.7486342895893822,1.8226723802540759,1.4474245987749867
uniform_083,uniform,-14.388140729208864,2.822393471857569,0.621971685852526,-5.311291553482442,-4.405101386505257,-0.669951116725704,-0.08568879048257405,-0.8786812641775212
uniform_084,uniform,-13.467630087941242,5.514876097880379,0.30471727367050516,-5.94588386090056,-4.233124164673409,-0.025821328334305366,0.3306917681830915,-1.9148995643685538
uniform_085,uniform,-19.892312891808878,3.5536345289595497,-3.5960719202276543,-0.6007781840391093,-5.526854621600197,0.6978487269978546,1.956828823361581,-1.5111422241383166
uniform_086,uniform,-10.421463054243727,1.5249116984574067,1.2867708565998104,-3.333868343660582,-3.750861418786125,-0.8751447954204893,1.565172865451093,-2.832827586040337
uniform_087,uniform,-19.039905198411496,9.256591271522339,-1.7054673164647283,-0.7412593102447738,-4.737256854042919,-1.0750200549747981,2.9288758899693113,-0.06064184713482593
uniform_088,uniform,-17.770541428618152,-0.16819224482872475,-0.11783549401019389,5.561731659298621,-5.060475236674818,0.4509484205799015,-1.1424049963799061,-0.9957651885487906
uniform_089,uniform,-17.92056907277917,1.14438293020471,-0.38402238832134616,4.461616644859129,-5.911894441576137,-0.3706075754651369,0.13091249884283307,-1.6450197178079473
uniform_090,uniform,-15.324034007362021,-3.497496937222727,-1.5687505135860866,-0.2218414551381514,-5.521091793699862,0.9790953197826796,-1.460428241649379,0.21198683058674642
uniform_091,uniform,-12.650449809757038,-1.2726045918498263,0.05418255897680446,1.012016966464486,-3.406690344541968,-0.5026034316517117,-0.6628218971366684,-1.4787639291127102
uniform_092,uniform,-18.127000957947764,5.328360737018202,-1.4597959305669863,-1.4991169911889588,-5.305396169566208,-1.8982189722473382,1.4420520140125166,-1.4953292907902835
uniform_093,uniform,-18.299973875243545,6.461645175669323,5.711262110673653,-1.988161189809324,-3.9666476996399935,-1.519658711343771,0.00446969046702117,-0.3847771975177082
uniform_094,uniform,-17.45671889982384,1.9194395048886177,-0.48281018557994393,-2.532081357620059,-4.8051403929747325,0.4146232455057536,1.4470904399480167,0.9538210867422472
uniform_095,uniform,-17.070293346597516,3.2641393913605765,1.4551109745572774,3.2228602707511533,-3.4192063639974735,2.6085174764013996,1.002214315241715,-0.13072047988355737
uniform_096,uniform,-13.202645314209773,2.2474329208604407,-4.832183416473802,-3.668012252341956,-3.6000946701659156,-0.02309062702759143,-0.0652876505038178,2.341349142114844
composition_shuffle_001,composition_shuffle,22.26904112037964,6.161174553541356,2.50041761657417,1.0705453419125983,7.952126349050202,0.8517776613462013,2.3902920055882686,0.6808238965337048
composition_shuffle_002,composition_shuffle,22.26904112037964,6.161174553541356,2.50041761657417,1.0705453419125983,6.665135363793928,-1.2173586315970046,-0.5163831116841016,0.9917514897817827
composition_shuffle_003,composition_shuffle,22.26904112037964,6.161174553541356,2.50041761657417,1.0705453419125983,7.1465783818692685,-2.874203504589538,0.2514042935454071,-0.49245127936837896
composition_shuffle_004,composition_shuffle,22.26904112037964,6.161174553541356,2.50041761657417,1.0705453419125983,6.905413900900179,-3.2926911345443797,0.7773326103185642,0.006877800540133788
composition_shuffle_005,composition_shuffle,22.26904112037964,6.161174553541356,2.50041761657417,1.0705453419125983,8.20933445173639,-0.7583508573741956,1.2433404050601393,0.9076414483874524
composition_shuffle_006,composition_shuffle,22.26904112037964,6.161174553541356,2.50041761657417,1.0705453419125983,7.6707587170587725,-1.609589180356733,0.7708988498408118,-0.8862693169887426
composition_shuffle_007,composition_shuffle,22.26904112037964,6.161174553541356,2.50041761657417,1.0705453419125983,8.415767453059056,-0.2856000719940103,1.633024948989425,-0.17461673819552118
composition_shuffle_008,composition_shuffle,22.26904112037964,6.161174553541356,2.50041761657417,1.0705453419125983,7.379902268361715,0.9328516494426614,0.7398339395626427,0.3414292290377122
composition_shuffle_009,composition_shuffle,22.26904112037964,6.161174553541356,2.50041761657417,1.0705453419125983,6.984957688774463,-3.0173569050011686,0.9132413140029333,2.0860875807934978
composition_shuffle_010,composition_shuffle,22.26904112037964,6.161174553541356,2.50041761657417,1.0705453419125983,7.6284870568701955,-3.2965468186087343,0.13160256860438557,-0.5652141746745021
composition_shuffle_011,composition_shuffle,22.26904112037964,6.161174553541356,2.50041761657417,1.0705453419125983,7.974708703669469,-2.2612815156574637,-0.03498656192298144,-1.6188042074369067
composition_shuffle_012,composition_shuffle,22.26904112037964,6.161174553541356,2.50041761657417,1.0705453419125983,6.902895244640828,-3.3417306147568278,-0.6263873258225914,-0.5555022020690972
composition_shuffle_013,composition_shuffle,22.26904112037964,6.161174553541356,2.50041761657417,1.0705453419125983,7.493772667619343,-2.59851166892208,0.8884436006283253,-0.27175349783631364
composition_shuffle_014,composition_shuffle,22.26904112037964,6.161174553541356,2.50041761657417,1.0705453419125983,8.505047975010545,0.784720636229337,2.4584038908004304,0.30686704375709617
composition_shuffle_015,composition_shuffle,22.26904112037964,6.161174553541356,2.50041761657417,1.0705453419125983,5.972169163578949,-2.531435419753859,-1.4461632594895732,0.6101524263659195
composition_shuffle_016,composition_shuffle,22.26904112037964,6.161174553541356,2.50041761657417,1.0705453419125983,6.071000280205256,-4.648949108840529,-0.7927761420599628,-0.7896317335513314
composition_shuffle_017,composition_shuffle,22.26904112037964,6.161174553541356,2.50041761657417,1.0705453419125983,7.302203962717654,-2.8780706777706344,-0.33283193315415427,0.5175207914376496
composition_shuffle_018,composition_shuffle,22.26904112037964,6.161174553541356,2.50041761657417,1.0705453419125983,6.772945610234476,-1.5672564682869103,-0.2051072066932258,0.09432332161166398
composition_shuffle_019,composition_shuffle,22.26904112037964,6.161174553541356,2.50041761657417,1.0705453419125983,7.621267440640995,-1.9478434098432824,1.1345965508507625,1.859118771390318
composition_shuffle_020,composition_shuffle,22.26904112037964,6.161174553541356,2.50041761657417,1.0705453419125983,7.98526839273879,-2.497833762107381,1.0948884495854905,1.3965290941882056
composition_shuffle_021,composition_shuffle,22.26904112037964,6.161174553541356,2.50041761657417,1.0705453419125983,8.135367255285027,-0.6137602957768279,2.138668119100258,1.5572187785901295
composition_shuffle_022,composition_shuffle,22.26904112037964,6.161174553541356,2.50041761657417,1.0705453419125983,6.91702145679788,-3.2138859076986837,1.2035012272969974,0.37631711577500715
composition_shuffle_023,composition_shuffle,22.26904112037964,6.161174553541356,2.50041761657417,1.0705453419125983,7.75743875596217,0.3221620029933826,1.6080987914110112,0.7883234159923074
composition_shuffle_024,composition_shuffle,22.26904112037964,6.161174553541356,2.50041761657417,1.0705453419125983,6.441516540328459,-6.062492530356571,-0.2485533480431773,-0.8267774901201778
composition_shuffle_025,composition_shuffle,22.26904112037964,6.161174553541356,2.50041761657417,1.0705453419125983,6.921475549365347,-1.126283920581071,0.7175509154353047,-0.035353347797808715
composition_shuffle_026,composition_shuffle,22.26904112037964,6.161174553541356,2.50041761657417,1.0705453419125983,7.538113064234803,-0.9242870081890052,1.6542565227398538,-1.0742014691177832
composition_shuffle_027,composition_shuffle,22.26904112037964,6.161174553541356,2.50041761657417,1.0705453419125983,7.258045734830175,-3.015743602025855,-0.1814730861956413,-0.28320245926347065
composition_shuffle_028,composition_shuffle,22.26904112037964,6.161174553541356,2.50041761657417,1.0705453419125983,6.43563239083846,-3.7105589010948954,-0.3606534738951739,0.17659228118879813
composition_shuffle_029,composition_shuffle,22.26904112037964,6.161174553541356,2.50041761657417,1.0705453419125983,6.333005409929941,-1.854387041071493,1.1131100623339854,1.0511724391120973
composition_shuffle_030,composition_shuffle,22.26904112037964,6.161174553541356,2.50041761657417,1.0705453419125983,7.8125602502974445,-2.8615241816700765,0.9349942724208837,-0.858557424889461
composition_shuffle_031,composition_shuffle,22.26904112037964,6.161174553541356,2.50041761657417,1.0705453419125983,7.209883617928098,-0.6125331197632365,0.8969091140972306,-0.663859431157079
composition_shuffle_032,composition_shuffle,22.26904112037964,6.161174553541356,2.50041761657417,1.0705453419125983,6.441484626392093,-3.0010180175853933,-0.5279696426344533,-0.7411834370162835
composition_shuffle_033,composition_shuffle,22.26904112037964,6.161174553541356,2.50041761657417,1.0705453419125983,7.676047902732691,-1.7608035974565008,0.6772893588211152,0.20748252766793931
composition_shuffle_034,composition_shuffle,22.26904112037964,6.161174553541356,2.50041761657417,1.0705453419125983,6.960480208202673,-3.451655901881272,1.7162007482031099,0.5174811055926025
composition_shuffle_035,composition_shuffle,22.26904112037964,6.161174553541356,2.50041761657417,1.0705453419125983,7.164989567768078,-3.025125543345442,-0.03496241836697078,-0.5391488003102398
composition_shuffle_036,composition_shuffle,22.26904112037964,6.161174553541356,2.50041761657417,1.0705453419125983,8.360465708069718,0.36608648980152425,0.6905374891854841,-0.5504347979890751
composition_shuffle_037,composition_shuffle,22.26904112037964,6.161174553541356,2.50041761657417,1.0705453419125983,6.975429093587628,-0.6649442057166416,0.2253527186855382,-0.12207556221344687
composition_shuffle_038,composition_shuffle,22.26904112037964,6.161174553541356,2.50041761657417,1.0705453419125983,7.682714513422539,-2.36137756264105,0.6379161955806996,0.9690391097584108
composition_shuffle_039,composition_shuffle,22.26904112037964,6.161174553541356,2.50041761657417,1.0705453419125983,6.306393829388998,-2.7480347828151577,-0.8345078945094202,-0.3040129888834848
composition_shuffle_040,composition_shuffle,22.26904112037964,6.161174553541356,2.50041761657417,1.0705453419125983,9.31877796294008,2.908615914034555,1.2130057238949714,1.1081473066299314
composition_shuffle_041,composition_shuffle,22.26904112037964,6.161174553541356,2.50041761657417,1.0705453419125983,7.4880070254523226,-2.876127442360575,0.469782624575337,0.13938915592223142
composition_shuffle_042,composition_shuffle,22.26904112037964,6.161174553541356,2.50041761657417,1.0705453419125983,6.769457942902447,-0.06069733403642927,1.0104043485790977,0.43766112991983563
composition_shuffle_043,composition_shuffle,22.26904112037964,6.161174553541356,2.50041761657417,1.0705453419125983,7.065374039940965,-2.6000077870448104,-0.06554751078091459,-0.801018390112
composition_shuffle_044,composition_shuffle,22.26904112037964,6.161174553541356,2.50041761657417,1.0705453419125983,5.755917265215,-2.718704375228122,0.6693655250226644,1.0267147934101395
composition_shuffle_045,composition_shuffle,22.26904112037964,6.161174553541356,2.50041761657417,1.0705453419125983,7.641202491490006,-1.250875835104752,0.8967062940405351,-0.6911482933694123
composition_shuffle_046,composition_shuffle,22.26904112037964,6.161174553541356,2.50041761657417,1.0705453419125983,6.232785251018955,-1.3620171462316633,2.0869055788685165,0.8984534650651548
composition_shuffle_047,composition_shuffle,22.26904112037964,6.161174553541356,2.50041761657417,1.0705453419125983,6.5546066271271535,-2.8028856276784357,-1.2349806771632097,-0.8119834683982676
composition_shuffle_048,composition_shuffle,22.26904112037964,6.161174553541356,2.50041761657417,1.0705453419125983,7.210015792853216,-1.428515747687893,1.9550915055155282,1.1985409237406273
composition_shuffle_049,composition_shuffle,22.26904112037964,6.161174553541356,2.50041761657417,1.0705453419125983,8.225741404502758,-0.3872966078203589,1.861346709403955,-1.6129791194613095
composition_shuffle_050,composition_shuffle,22.26904112037964,6.161174553541356,2.50041761657417,1.0705453419125983,6.671288848084117,-5.454113848911357,-1.239043719615951,-0.5781046824656894
composition_shuffle_051,composition_shuffle,22.26904112037964,6.161174553541356,2.50041761657417,1.0705453419125983,7.405916684953606,-1.9765434518085485,0.8777895810092224,2.2576824710327177
composition_shuffle_052,composition_shuffle,22.26904112037964,6.161174553541356,2.50041761657417,1.0705453419125983,8.14434881499172,-2.0366929255624084,-0.07717165112793922,0.40884668907686506
composition_shuffle_053,composition_shuffle,22.26904112037964,6.161174553541356,2.50041761657417,1.0705453419125983,8.500290627999451,-1.9571612848099686,1.8274821700971753,-0.2090352175795867
composition_shuffle_054,composition_shuffle,22.26904112037964,6.161174553541356,2.50041761657417,1.0705453419125983,6.599256523528545,-0.7273589555249012,0.6426305147118816,0.09434523709779033
composition_shuffle_055,composition_shuffle,22.26904112037964,6.161174553541356,2.50041761657417,1.0705453419125983,7.579628788893748,-1.6182238147194374,-0.043957070920430996,0.559336507069693
composition_shuffle_056,composition_shuffle,22.26904112037964,6.161174553541356,2.50041761657417,1.0705453419125983,7.535035277919665,-1.9169276500269912,0.04565564837411307,0.47002925405054474
composition_shuffle_057,composition_shuffle,22.26904112037964,6.161174553541356,2.50041761657417,1.0705453419125983,8.81179982490413,0.5380106315872119,1.3295076696058528,1.43243581811941
composition_shuffle_058,composition_shuffle,22.26904112037964,6.161174553541356,2.50041761657417,1.0705453419125983,7.8669687962808315,-2.278472836566828,0.43382860469460416,-0.6544865665637772
composition_shuffle_059,composition_shuffle,22.26904112037964,6.161174553541356,2.50041761657417,1.0705453419125983,7.183743165050942,2.315053536517045,1.3912038094768313,-1.5773493604463094
composition_shuffle_060,composition_shuffle,22.26904112037964,6.161174553541356,2.50041761657417,1.0705453419125983,7.647481934414165,-1.4922817547679215,1.3792623871028669,1.9210488063253193
composition_shuffle_061,composition_shuffle,22.26904112037964,6.161174553541356,2.50041761657417,1.0705453419125983,7.880573213679215,0.9954420881546203,0.7038000462957562,-0.03986845565946254
composition_shuffle_062,composition_shuffle,22.26904112037964,6.161174553541356,2.50041761657417,1.0705453419125983,8.652289974651104,0.22432987347544012,1.5909032396122305,-0.48672064827160055
composition_shuffle_063,composition_shuffle,22.26904112037964,6.161174553541356,2.50041761657417,1.0705453419125983,7.547449245481477,-0.878148271807551,2.083606389952387,-0.35151202854742325
composition_shuffle_064,composition_shuffle,22.26904112037964,6.161174553541356,2.50041761657417,1.0705453419125983,7.227154708443772,-3.1178447412299297,0.029074047570063488,1.1364486496935777
cai_max,bounding_control,54.6468267539669,-20.271986226753775,-32.55017162917225,-29.998251397009412,15.976394436942027,23.600791158151846,3.3187207904319047,-0.12277556983860169
cai_min,bounding_control,-50.58400556003244,67.29727831781594,-25.367733587229527,-26.9862395418473,-11.964280083019977,-1.1479137858424753,26.908407287786243,-3.3353408376898157
gc3_high,bounding_control,53.76017953554497,-20.44318460330797,-36.71051531540289,-27.73480523150638,15.459425742525728,23.673318452538105,3.3372795057758076,-0.8871109306869697
gc3_low,bounding_control,-33.913131553430446,-10.2715583731664,74.73220127415146,-36.00098349446371,-9.04195964510133,-0.9141587232741277,3.1517051736080397,29.95785664335433
