candidate_id,homopolymer_max,gc_window_max,gc_window_min,low_complexity_max,direct_repeat_max,inverted_repeat_max,restriction_sites,polya_signals,splice_donors,ensemble
original,4,0.74,0.48,9,60,9,3,0,0,current_construct
human_weighted_001,8,0.76,0.46,11,29,8,2,0,2,human_weighted
human_weighted_002,7,0.72,0.38,11,17,11,5,1,2,human_weighted
human_weighted_003,6,0.76,0.4,9,17,9,6,1,0,human_weighted
human_weighted_004,6,0.7,0.42,9,0,9,5,0,1,human_weighted
human_weighted_005,8,0.7,0.38,11,12,8,1,0,1,human_weighted
human_weighted_006,6,0.72,0.42,10,18,9,2,0,0,human_weighted
human_weighted_007,7,0.74,0.44,9,14,9,3,0,1,human_weighted
human_weighted_008,6,0.7,0.44,10,23,8,5,0,0,human_weighted
human_weighted_009,6,0.7,0.44,10,23,9,4,0,2,human_weighted
human_weighted_010,8,0.68,0.44,11,14,10,3,0,0,human_weighted
human_weighted_011,7,0.72,0.38,11,15,9,2,0,0,human_weighted
human_weighted_012,6,0.74,0.42,10,14,10,1,1,1,human_weighted
human_weighted_013,5,0.7,0.4,9,17,10,2,0,1,human_weighted
human_weighted_014,6,0.7,0.46,10,20,9,4,0,0,human_weighted
human_weighted_015,7,0.76,0.44,11,26,9,2,0,3,human_weighted
human_weighted_016,6,0.7,0.44,10,26,11,3,0,1,human_weighted
human_weighted_017,5,0.72,0.44,9,16,10,7,0,1,human_weighted
human_weighted_018,5,0.72,0.44,9,14,9,2,0,1,human_weighted
human_weighted_019,6,0.72,0.42,9,17,9,0,0,0,human_weighted
human_weighted_020,6,0.72,0.4,10,20,9,6,0,2,human_weighted
human_weighted_021,5,0.76,0.44,10,17,10,5,0,2,human_weighted
human_weighted_022,8,0.74,0.46,11,19,9,4,0,1,human_weighted
human_weighted_023,8,0.72,0.42,10,14,8,1,0,0,human_weighted
human_weighted_024,6,0.74,0.44,11,15,10,3,0,1,human_weighted
human_weighted_025,7,0.74,0.4,9,14,9,1,0,1,human_weighted
human_weighted_026,7,0.72,0.44,10,14,8,3,1,1,human_weighted
human_weighted_027,8,0.78,0.46,10,20,10,1,1,0,human_weighted
human_weighted_028,4,0.72,0.42,9,20,9,2,0,0,human_weighted
human_weighted_029,6,0.74,0.42,10,14,11,3,1,2,human_weighted
human_weighted_030,6,0.7,0.46,9,20,10,2,0,0,human_weighted
human_weighted_031,7,0.76,0.44,9,16,12,2,0,0,human_weighted
human_weighted_032,7,0.76,0.42,10,20,9,2,0,1,human_weighted
human_weighted_033,6,0.7,0.44,10,23,11,2,0,1,human_weighted
human_weighted_034,6,0.68,0.42,9,14,8,0,0,1,human_weighted
human_weighted_035,8,0.7,0.42,11,16,10,2,1,1,human_weighted
human_weighted_036,5,0.72,0.4,9,14,9,1,0,1,human_weighted
human_weighted_037,9,0.72,0.4,11,17,8,4,0,0,human_weighted
human_weighted_038,6,0.76,0.42,9,23,10,4,0,2,human_weighted
human_weighted_039,6,0.72,0.44,10,17,9,1,0,1,human_weighted
human_weighted_040,5,0.72,0.4,10,17,9,5,0,0,human_weighted
human_weighted_041,6,0.7,0.4,10,13,9,4,0,3,human_weighted
human_weighted_042,6,0.7,0.46,9,20,8,4,0,2,human_weighted
human_weighted_043,7,0.7,0.42,10,20,10,4,0,0,human_weighted
human_weighted_044,6,0.78,0.44,9,14,9,4,0,1,human_weighted
human_weighted_045,6,0.72,0.4,9,23,15,2,0,1,human_weighted
human_weighted_046,6,0.72,0.44,9,14,10,10,0,0,human_weighted
human_weighted_047,9,0.72,0.42,11,14,10,2,0,2,human_weighted
human_weighted_048,6,0.72,0.44,9,34,10,6,1,0,human_weighted
human_weighted_049,6,0.72,0.44,9,14,9,5,0,1,human_weighted
human_weighted_050,6,0.74,0.4,10,18,9,1,0,0,human_weighted
human_weighted_051,8,0.72,0.4,11,23,9,4,0,0,human_weighted
human_weighted_052,6,0.76,0.44,9,20,10,2,1,2,human_weighted
human_weighted_053,5,0.7,0.4,9,20,9,4,1,2,human_weighted
human_weighted_054,5,0.7,0.44,9,17,10,3,0,0,human_weighted
human_weighted_055,6,0.72,0.4,9,20,10,3,0,1,human_weighted
human_weighted_056,5,0.7,0.44,10,17,9,3,0,1,human_weighted
human_weighted_057,6,0.7,0.38,9,17,9,3,0,1,human_weighted
human_weighted_058,7,0.7,0.4,9,17,8,3,0,0,human_weighted
human_weighted_059,6,0.68,0.44,9,25,9,5,1,1,human_weighted
human_weighted_060,6,0.78,0.42,10,17,9,3,0,0,human_weighted
human_weighted_061,5,0.76,0.36,9,14,10,3,1,0,human_weighted
human_weighted_062,6,0.72,0.46,10,17,10,5,0,0,human_weighted
human_weighted_063,8,0.72,0.42,9,17,8,2,0,1,human_weighted
human_weighted_064,6,0.72,0.42,9,14,10,4,0,0,human_weighted
human_weighted_065,6,0.7,0.42,10,17,8,5,1,0,human_weighted
human_weighted_066,6,0.72,0.36,10,17,9,2,0,1,human_weighted
human_weighted_067,6,0.72,0.4,9,21,8,4,1,0,human_weighted
human_weighted_068,6,0.68,0.42,11,14,9,5,0,0,human_weighted
human_weighted_069,6,0.7,0.38,9,15,10,2,0,0,human_weighted
human_weighted_070,11,0.72,0.42,11,13,8,3,0,0,human_weighted
human_weighted_071,5,0.7,0.38,9,17,9,2,0,1,human_weighted
human_weighted_072,7,0.72,0.4,10,17,9,4,0,0,human_weighted
human_weighted_073,5,0.74,0.4,9,23,9,6,0,0,human_weighted
human_weighted_074,6,0.7,0.44,10,15,9,6,0,1,human_weighted
human_weighted_075,6,0.78,0.4,9,17,9,4,0,0,human_weighted
human_weighted_076,6,0.76,0.4,10,20,8,5,0,0,human_weighted
human_weighted_077,9,0.74,0.36,11,14,9,7,0,0,human_weighted
human_weighted_078,6,0.74,0.44,10,17,9,0,0,0,human_weighted
human_weighted_079,5,0.74,0.42,10,26,11,5,0,1,human_weighted
human_weighted_080,6,0.7,0.38,9,14,10,5,0,2,human_weighted
human_weighted_081,6,0.74,0.36,10,13,10,3,1,0,human_weighted
human_weighted_082,6,0.68,0.4,10,12,9,3,0,0,human_weighted
human_weighted_083,5,0.74,0.4,10,32,10,3,0,1,human_weighted
human_weighted_084,6,0.7,0.4,9,17,9,5,0,0,human_weighted
human_weighted_085,6,0.74,0.42,9,26,10,5,1,1,human_weighted
human_weighted_086,6,0.7,0.4,10,29,9,2,0,0,human_weighted
human_weighted_087,7,0.76,0.34,9,17,11,5,0,0,human_weighted
human_weighted_088,6,0.72,0.36,9,14,9,2,0,0,human_weighted
human_weighted_089,6,0.74,0.42,9,22,9,6,0,0,human_weighted
human_weighted_090,6,0.72,0.36,9,17,10,0,1,0,human_weighted
human_weighted_091,6,0.78,0.42,10,14,7,2,1,0,human_weighted
human_weighted_092,8,0.72,0.42,10,26,10,6,0,1,human_weighted
human_weighted_093,6,0.68,0.4,11,17,9,6,0,0,human_weighted
human_weighted_094,5,0.74,0.44,10,22,9,4,0,1,human_weighted
human_weighted_095,8,0.76,0.38,11,17,12,4,0,1,human_weighted
human_weighted_096,6,0.72,0.44,9,17,10,3,1,0,human_weighted
uniform_001,5,0.7,0.4,9,14,8,3,1,1,uniform
uniform_002,7,0.74,0.38,10,14,9,4,0,3,uniform
uniform_003,6,0.66,0.34,10,29,9,4,1,0,uniform
uniform_004,9,0.68,0.38,11,23,10,3,0,0,uniform
uniform_005,6,0.7,0.44,10,17,10,4,0,1,uniform
uniform_006,5,0.66,0.4,0,17,9,1,0,3,uniform
uniform_007,7,0.68,0.38,10,17,9,2,0,0,uniform
uniform_008,6,0.74,0.4,10,14,10,1,0,0,uniform
uniform_009,6,0.72,0.4,9,17,8,3,0,0,uniform
uniform_010,6,0.72,0.38,9,14,11,3,0,1,uniform
uniform_011,7,0.7,0.34,9,17,9,4,0,0,uniform
uniform_012,6,0.66,0.42,10,17,10,4,0,1,uniform
uniform_013,7,0.78,0.4,10,17,10,5,0,0,uniform
uniform_014,7,0.7,0.4,10,14,9,2,0,1,uniform
uniform_015,5,0.66,0.34,9,0,9,3,0,0,uniform
uniform_016,9,0.68,0.36,11,17,8,3,0,2,uniform
uniform_017,6,0.7,0.36,10,12,10,1,0,0,uniform
uniform_018,6,0.72,0.38,9,14,9,2,0,2,uniform
uniform_019,6,0.74,0.42,10,19,9,3,0,3,uniform
uniform_020,6,0.72,0.38,10,20,11,4,0,0,uniform
uniform_021,6,0.68,0.44,9,14,9,8,0,1,uniform
uniform_022,5,0.72,0.4,9,17,10,4,0,0,uniform
uniform_023,6,0.7,0.4,9,29,10,3,1,2,uniform
uniform_024,7,0.68,0.34,10,17,8,5,0,1,uniform
uniform_025,6,0.7,0.38,10,20,10,2,1,0,uniform
uniform_026,8,0.68,0.38,10,14,9,5,0,0,uniform
uniform_027,5,0.68,0.42,9,23,9,6,0,0,uniform
uniform_028,5,0.7,0.42,9,15,9,3,0,0,uniform
uniform_029,6,0.7,0.36,9,14,9,1,0,1,uniform
uniform_030,6,0.66,0.38,9,17,8,3,0,1,uniform
uniform_031,7,0.7,0.42,9,17,10,4,0,0,uniform
uniform_032,6,0.66,0.4,9,16,9,5,1,0,uniform
uniform_033,8,0.72,0.4,10,17,9,4,0,0,uniform
uniform_034,7,0.68,0.38,10,20,9,3,1,0,uniform
uniform_035,8,0.7,0.4,11,19,10,6,0,2,uniform
uniform_036,6,0.68,0.38,10,16,8,0,0,2,uniform
uniform_037,7,0.72,0.36,9,14,9,2,1,3,uniform
uniform_038,7,0.76,0.4,10,17,9,3,0,0,uniform
uniform_039,6,0.74,0.4,9,14,9,3,0,1,uniform
uniform_040,6,0.66,0.38,10,14,10,6,0,2,uniform
uniform_041,7,0.7,0.42,10,14,10,1,0,1,uniform
uniform_042,5,0.72,0.4,0,23,9,4,1,0,uniform
uniform_043,6,0.74,0.42,10,20,9,4,0,0,uniform
uniform_044,5,0.66,0.4,10,14,9,2,0,0,uniform
uniform_045,6,0.68,0.38,10,20,9,2,1,0,uniform
uniform_046,7,0.7,0.4,10,19,9,3,0,0,uniform
uniform_047,12,0.72,0.36,12,20,9,2,0,1,uniform
uniform_048,6,0.7,0.4,9,14,9,0,0,0,uniform
uniform_049,6,0.64,0.36,9,12,9,2,0,0,uniform
uniform_050,5,0.74,0.4,10,17,9,2,0,0,uniform
uniform_051,6,0.72,0.4,10,20,9,5,1,0,uniform
uniform_052,6,0.76,0.4,0,14,9,1,1,1,uniform
uniform_053,6,0.72,0.4,10,14,9,5,1,1,uniform
uniform_054,6,0.7,0.42,9,14,9,5,0,1,uniform
uniform_055,7,0.76,0.4,10,13,8,1,0,1,uniform
uniform_056,8,0.76,0.38,11,17,9,6,0,1,uniform
uniform_057,5,0.68,0.4,9,17,9,3,0,1,uniform
uniform_058,6,0.74,0.4,10,17,10,5,0,2,uniform
uniform_059,12,0.72,0.36,12,0,8,3,1,2,uniform
uniform_060,5,0.66,0.42,10,17,10,2,0,1,uniform
uniform_061,6,0.66,0.4,9,17,9,3,0,0,uniform
uniform_062,9,0.7,0.34,11,21,9,4,1,0,uniform
uniform_063,7,0.74,0.4,10,17,10,5,0,0,uniform
uniform_064,5,0.66,0.42,10,20,10,3,0,0,uniform
uniform_065,5,0.68,0.4,10,14,10,3,1,1,uniform
uniform_066,8,0.68,0.4,10,14,10,3,0,0,uniform
uniform_067,6,0.68,0.42,9,20,8,4,0,1,uniform
uniform_068,5,0.7,0.44,9,20,8,3,0,0,uniform
uniform_069,6,0.74,0.34,9,0,10,2,1,0,uniform
uniform_070,6,0.72,0.38,10,15,8,7,1,0,uniform
uniform_071,6,0.72,0.4,9,13,8,3,0,2,uniform
uniform_072,6,0.7,0.4,9,17,11,3,0,0,uniform
uniform_073,6,0.68,0.42,9,14,9,6,0,0,uniform
uniform_074,6,0.68,0.44,9,17,9,3,0,3,uniform
uniform_075,6,0.74,0.36,10,17,9,5,1,1,uniform
uniform_076,6,0.72,0.4,10,17,10,2,0,1,uniform
uniform_077,6,0.7,0.46,9,14,9,2,0,0,uniform
uniform_078,7,0.74,0.38,9,20,8,4,0,1,uniform
uniform_079,6,0.7,0.38,10,22,9,4,0,3,uniform
uniform_080,6,0.74,0.4,10,14,10,4,1,1,uniform
uniform_081,6,0.7,0.44,9,14,11,6,1,2,uniform
uniform_082,5,0.68,0.38,0,20,9,2,0,0,uniform
uniform_083,6,0.68,0.38,9,14,9,4,0,1,uniform
uniform_084,6,0.7,0.4,9,17,10,6,1,2,uniform
uniform_085,6,0.74,0.36,10,23,9,5,0,0,uniform
uniform_086,7,0.7,0.42,10,15,9,2,0,0,uniform
uniform_087,7,0.7,0.38,10,14,9,4,1,0,uniform
uniform_088,6,0.66,0.38,9,14,10,5,0,1,uniform
uniform_089,9,0.74,0.4,11,23,8,1,0,0,uniform
uniform_090,6,0.68,0.34,10,16,9,2,0,0,uniform
uniform_091,6,0.68,0.4,9,22,9,2,0,2,uniform
uniform_092,12,0.7,0.42,12,14,8,3,0,1,uniform
uniform_093,6,0.72,0.4,9,12,8,2,0,1,uniform
uniform_094,6,0.72,0.38,9,17,10,5,1,0,uniform
uniform_095,6,0.7,0.42,10,29,8,4,0,3,uniform
uniform_096,6,0.72,0.4,10,17,10,0,0,0,uniform
composition_shuffle_001,5,0.72,0.5,9,26,9,5,0,1,composition_shuffle
composition_shuffle_002,5,0.74,0.48,0,23,9,5,0,1,composition_shuffle
composition_shuffle_003,5,0.76,0.48,0,41,11,4,0,3,composition_shuffle
composition_shuffle_004,5,0.76,0.44,10,26,9,3,0,2,composition_shuffle
composition_shuffle_005,4,0.72,0.48,0,29,10,2,0,2,composition_shuffle
composition_shuffle_006,4,0.74,0.5,9,23,11,4,0,0,composition_shuffle
composition_shuffle_007,6,0.78,0.44,9,26,11,3,0,0,composition_shuffle
composition_shuffle_008,5,0.74,0.44,9,20,11,4,0,1,composition_shuffle
composition_shuffle_009,6,0.76,0.46,10,20,10,4,0,1,composition_shuffle
composition_shuffle_010,5,0.74,0.48,9,31,9,1,0,0,composition_shuffle
composition_shuffle_011,4,0.76,0.46,0,19,11,3,0,2,composition_shuffle
composition_shuffle_012,6,0.7,0.44,9,29,9,2,0,1,composition_shuffle
composition_shuffle_013,5,0.74,0.48,0,19,10,3,0,1,composition_shuffle
composition_shuffle_014,5,0.74,0.46,9,23,9,5,0,0,composition_shuffle
composition_shuffle_015,6,0.76,0.46,9,26,8,5,0,1,composition_shuffle
composition_shuffle_016,5,0.74,0.5,0,23,9,3,0,3,composition_shuffle
composition_shuffle_017,5,0.74,0.46,9,32,10,3,0,2,composition_shuffle
composition_shuffle_018,5,0.78,0.5,9,17,10,3,0,0,composition_shuffle
composition_shuffle_019,5,0.74,0.46,9,23,11,3,1,0,composition_shuffle
composition_shuffle_020,5,0.76,0.46,9,27,10,1,0,0,composition_shuffle
composition_shuffle_021,6,0.78,0.48,10,23,11,3,0,0,composition_shuffle
composition_shuffle_022,5,0.72,0.46,9,23,11,7,0,2,composition_shuffle
composition_shuffle_023,5,0.78,0.48,10,26,10,2,0,0,composition_shuffle
composition_shuffle_024,5,0.74,0.44,9,38,10,7,0,2,composition_shuffle
composition_shuffle_025,4,0.72,0.5,9,20,10,7,0,3,composition_shuffle
composition_shuffle_026,5,0.8,0.46,10,26,9,2,0,0,composition_shuffle
composition_shuffle_027,5,0.72,0.44,9,26,11,3,0,1,composition_shuffle
composition_shuffle_028,5,0.72,0.48,10,26,10,3,0,1,composition_shuffle
composition_shuffle_029,5,0.76,0.48,0,26,9,2,0,0,composition_shuffle
composition_shuffle_030,6,0.74,0.46,9,29,9,4,0,0,composition_shuffle
composition_shuffle_031,4,0.76,0.44,0,32,10,2,0,1,composition_shuffle
composition_shuffle_032,4,0.72,0.46,9,23,8,5,0,1,composition_shuffle
composition_shuffle_033,5,0.72,0.48,9,23,10,6,0,0,composition_shuffle
composition_shuffle_034,5,0.72,0.44,9,44,9,2,0,2,composition_shuffle
composition_shuffle_035,5,0.74,0.46,10,26,10,5,0,0,composition_shuffle
composition_shuffle_036,5,0.74,0.44,0,26,10,2,0,1,composition_shuffle
composition_shuffle_037,5,0.78,0.44,9,26,9,4,0,2,composition_shuffle
composition_shuffle_038,5,0.76,0.44,9,38,10,6,0,1,composition_shuffle
composition_shuffle_039,5,0.76,0.48,9,23,11,4,0,1,composition_shuffle
composition_shuffle_040,5,0.74,0.5,9,32,10,1,0,1,composition_shuffle
composition_shuffle_041,5,0.74,0.5,9,32,11,3,0,2,composition_shuffle
composition_shuffle_042,5,0.78,0.44,9,23,9,4,0,1,composition_shuffle
composition_shuffle_043,5,0.74,0.48,9,32,8,4,0,1,composition_shuffle
composition_shuffle_044,5,0.74,0.44,9,20,9,4,0,0,composition_shuffle
composition_shuffle_045,5,0.72,0.42,9,25,13,4,0,2,composition_shuffle
composition_shuffle_046,5,0.78,0.44,0,29,10,3,0,0,composition_shuffle
composition_shuffle_047,5,0.76,0.48,9,17,10,4,0,0,composition_shuffle
composition_shuffle_048,6,0.76,0.46,9,17,10,4,0,1,composition_shuffle
composition_shuffle_049,5,0.74,0.48,9,23,10,3,0,0,composition_shuffle
composition_shuffle_050,4,0.72,0.46,9,26,9,2,0,1,composition_shuffle
composition_shuffle_051,4,0.72,0.48,9,26,9,1,0,0,composition_shuffle
composition_shuffle_052,5,0.72,0.46,9,20,9,5,0,0,composition_shuffle
composition_shuffle_053,4,0.72,0.46,9,32,10,4,0,0,composition_shuffle
composition_shuffle_054,4,0.74,0.44,9,26,9,1,0,0,composition_shuffle
composition_shuffle_055,5,0.74,0.48,0,32,13,2,0,1,composition_shuffle
composition_shuffle_056,6,0.76,0.42,10,26,10,3,0,2,composition_shuffle
composition_shuffle_057,6,0.74,0.48,9,21,9,3,0,2,composition_shuffle
composition_shuffle_058,5,0.74,0.44,9,41,9,3,0,1,composition_shuffle
composition_shuffle_059,6,0.76,0.44,10,23,10,5,0,0,composition_shuffle
composition_shuffle_060,5,0.74,0.5,9,23,9,2,0,1,composition_shuffle
composition_shuffle_061,4,0.74,0.48,9,26,8,1,0,1,composition_shuffle
composition_shuffle_062,4,0.72,0.44,9,21,10,4,0,0,composition_shuffle
composition_shuffle_063,6,0.7,0.48,9,23,9,4,0,0,composition_shuffle
composition_shuffle_064,5,0.74,0.48,10,29,10,2,0,0,composition_shuffle
cai_max,7,0.82,0.54,9,60,10,0,0,0,bounding_control
cai_min,5,0.66,0.36,0,60,10,1,1,1,bounding_control
gc3_high,7,0.82,0.58,9,60,11,0,0,0,bounding_control
gc3_low,5,0.52,0.28,9,60,9,5,1,0,bounding_control
