candidate_id,circular_mfe_kcal_mol,ires_native_recall_hard_666,ires_native_recall_soft_666,ires_n_ref_pairs_666,ires_cross_occupancy_666,ires_unpaired_frac_666,ires_mean_pair_prob_666,ires_native_recall_hard_669,ires_native_recall_soft_669,ires_n_ref_pairs_669,ires_cross_occupancy_669,ires_unpaired_frac_669,ires_mean_pair_prob_669
cai_max,-821.7999877929688,0.0,0.0,186,0.0,1.0,0.0,0.0,0.0,177,0.0,1.0,0.0
cai_min,-667.5,0.7419354838709677,0.6546538311456735,186,0.8048048048048048,0.3153153153153153,0.6516294876407079,0.711864406779661,0.6560220908647203,177,0.8056801195814649,0.31390134529147984,0.6529771642024826
composition_shuffle_001,-758.7000122070312,0.6182795698924731,0.6336129164543524,186,0.7357357357357357,0.37987987987987987,0.6153172120351221,0.7005649717514124,0.7080453056736854,177,0.7369207772795217,0.3781763826606876,0.6167392061137168
composition_shuffle_002,-767.4000244140625,0.7204301075268817,0.6763792711410466,186,0.5840840840840841,0.36486486486486486,0.6324216715985272,0.6892655367231638,0.6604563282598563,177,0.5814648729446936,0.3632286995515695,0.6340569664327199
composition_shuffle_003,-768.5,0.8602150537634409,0.8098102249718341,186,0.7252252252252253,0.33933933933933935,0.6409217656827376,0.9096045197740112,0.8651570548108742,177,0.726457399103139,0.33781763826606875,0.6423146540613232
composition_shuffle_004,-775.7999877929688,0.7043010752688172,0.6661580715285269,186,0.7612612612612613,0.35285285285285284,0.6264419996655224,0.7909604519774012,0.7453518528343273,177,0.7623318385650224,0.351270553064275,0.6278591730337068
composition_shuffle_005,-755.0999755859375,0.8494623655913979,0.80117930602082,186,0.7672672672672672,0.35135135135135137,0.6281856970480935,0.96045197740113,0.8639996336341578,177,0.7683109118086696,0.34977578475336324,0.6295400381604306
composition_shuffle_006,-775.9000244140625,0.6774193548387096,0.6777348287543783,186,0.6621621621621622,0.34234234234234234,0.6435422074685369,0.7231638418079096,0.7211261835727988,177,0.6621823617339312,0.34080717488789236,0.6447669700320952
composition_shuffle_007,-765.2000122070312,0.8494623655913979,0.8156792894164203,186,0.524024024024024,0.37537537537537535,0.6234886835321694,0.9209039548022598,0.870784325012148,177,0.5261584454409567,0.37369207772795215,0.6248316182965572
composition_shuffle_008,-759.7000122070312,0.5806451612903226,0.5737012332053079,186,0.8588588588588588,0.36936936936936937,0.6279143621499733,0.6610169491525424,0.6231765889557405,177,0.85949177877429,0.36771300448430494,0.6293179005339034
composition_shuffle_009,-783.5999755859375,0.5268817204301075,0.575851167510708,186,0.6186186186186187,0.34534534534534533,0.6374601595698932,0.536723163841808,0.5821297591653097,177,0.6203288490284006,0.34379671150971597,0.6389737765119028
composition_shuffle_010,-753.9000244140625,0.8548387096774194,0.7965534768944796,186,0.6291291291291291,0.34234234234234234,0.633650197655371,0.8926553672316384,0.8406195040097681,177,0.6263079222720478,0.34080717488789236,0.6349433702203537
composition_shuffle_011,-783.2000122070312,0.8279569892473119,0.7645864527114237,186,0.7177177177177178,0.34984984984984985,0.6403436040535775,0.807909604519774,0.7662095186000658,177,0.71898355754858,0.34977578475336324,0.6403752445207482
composition_shuffle_012,-769.5999755859375,0.7526881720430108,0.7082059572163925,186,0.5780780780780781,0.3633633633633634,0.6315168073024925,0.8418079096045198,0.7895890916097106,177,0.5799701046337817,0.3617339312406577,0.6328586993252936
composition_shuffle_013,-755.9000244140625,0.7526881720430108,0.6991162728989229,186,0.7507507507507507,0.34234234234234234,0.6431523339488864,0.768361581920904,0.7278557913640966,177,0.7518684603886397,0.34080717488789236,0.644359275963995
composition_shuffle_014,-759.4000244140625,0.7258064516129032,0.6737188439172667,186,0.6381381381381381,0.3228228228228228,0.6575309908662634,0.6949152542372882,0.6749965091419932,177,0.6367713004484304,0.32286995515695066,0.6577556346066261
composition_shuffle_015,-778.7999877929688,0.7956989247311828,0.7266190899664516,186,0.5585585585585585,0.34534534534534533,0.6429952656887191,0.8418079096045198,0.784932140408941,177,0.5530642750373692,0.34379671150971597,0.6443414353286362
composition_shuffle_016,-757.0,0.7634408602150538,0.7177635225430926,186,0.5720720720720721,0.3183183183183183,0.6578949439704279,0.8135593220338984,0.7364127585875846,177,0.5710014947683109,0.31689088191330345,0.658511321394227
composition_shuffle_017,-765.2999877929688,0.7419354838709677,0.6624705266524293,186,0.5435435435435435,0.36186186186186187,0.6230917421033539,0.8022598870056498,0.7287743418756346,177,0.5455904334828101,0.3602391629297459,0.6245697271578408
composition_shuffle_018,-760.0,0.7419354838709677,0.7197527273854438,186,0.7417417417417418,0.34534534534534533,0.636366071922778,0.8305084745762712,0.7705864362288095,177,0.7428998505231689,0.34379671150971597,0.6376962462398239
composition_shuffle_019,-763.9000244140625,0.7096774193548387,0.6917528090937164,186,0.6246246246246246,0.35735735735735735,0.6323680417001545,0.7966101694915254,0.7714383638237661,177,0.6233183856502242,0.35575485799701045,0.633702512749782
composition_shuffle_020,-774.4000244140625,0.6344086021505376,0.6524246054691649,186,0.5975975975975976,0.33183183183183185,0.655537176856884,0.6779661016949152,0.6715471023514207,177,0.5949177877428998,0.3303437967115097,0.6568995198028211
composition_shuffle_021,-769.0,0.7580645161290323,0.71577914341305,186,0.5630630630630631,0.34684684684684686,0.6384729702969267,0.847457627118644,0.7904462550038677,177,0.5650224215246636,0.3452914798206278,0.6397839836572952
composition_shuffle_022,-767.7999877929688,0.6989247311827957,0.6524660960147387,186,0.5630630630630631,0.3633633633633634,0.6344667988405654,0.8022598870056498,0.7459907461443692,177,0.5650224215246636,0.3617339312406577,0.6358328679043661
composition_shuffle_023,-759.7999877929688,0.8709677419354839,0.7756995134680251,186,0.7042042042042042,0.34684684684684686,0.6367718242590048,0.8926553672316384,0.816698082296525,177,0.7055306427503737,0.3452914798206278,0.6380623741407023
composition_shuffle_024,-769.9000244140625,0.7258064516129032,0.6922406489472344,186,0.5195195195195195,0.34684684684684686,0.6376148065040428,0.8192090395480226,0.7600090330178508,177,0.5186846038863976,0.3452914798206278,0.6390028070996174
composition_shuffle_025,-756.7000122070312,0.8387096774193549,0.7755968027838296,186,0.6621621621621622,0.3408408408408408,0.6360230434162151,0.9096045197740112,0.8258834804413514,177,0.6621823617339312,0.3393124065769806,0.6373745037951317
composition_shuffle_026,-762.9000244140625,0.7473118279569892,0.6937119411448548,186,0.7117117117117117,0.36186186186186187,0.6260926087102698,0.8361581920903954,0.7754247454047666,177,0.7130044843049327,0.3602391629297459,0.627355914134952
composition_shuffle_027,-781.5999755859375,0.7795698924731183,0.7198828846508492,186,0.6006006006006006,0.35735735735735735,0.6202702166397239,0.8700564971751412,0.7927100305145575,177,0.6023916292974589,0.35575485799701045,0.6216598692562435
composition_shuffle_028,-779.7000122070312,0.8010752688172043,0.7362081953259246,186,0.566066066066066,0.34534534534534533,0.6384884585513332,0.864406779661017,0.8006090591582706,177,0.5635276532137519,0.34379671150971597,0.6398015294929362
composition_shuffle_029,-779.0999755859375,0.8817204301075269,0.7996977474740756,186,0.6816816816816816,0.37987987987987987,0.623261908148842,0.9209039548022598,0.8401479116604154,177,0.6831091180866966,0.3781763826606876,0.6246280746024114
composition_shuffle_030,-756.2999877929688,0.7741935483870968,0.7459535564305961,186,0.6096096096096096,0.36936936936936937,0.625755109835938,0.8587570621468926,0.7901714322088802,177,0.6113602391629297,0.36771300448430494,0.6269497968928501
composition_shuffle_031,-750.5,0.7204301075268817,0.7049039287783045,186,0.6306306306306306,0.32882882882882886,0.6469813358727198,0.6949152542372882,0.7353927683148344,177,0.6322869955156951,0.3273542600896861,0.6484035727868847
composition_shuffle_032,-751.0999755859375,0.7365591397849462,0.6635202204198781,186,0.6396396396396397,0.33783783783783783,0.6420062343075572,0.8248587570621468,0.7242028584768053,177,0.6412556053811659,0.336322869955157,0.6432816547203891
composition_shuffle_033,-776.0999755859375,0.8494623655913979,0.7792969516663742,186,0.5900900900900901,0.3483483483483483,0.6328485657562928,0.8813559322033898,0.806936710778266,177,0.5919282511210763,0.34678624813153963,0.6337363622529156
composition_shuffle_034,-766.0,0.7473118279569892,0.7124106196311248,186,0.5975975975975976,0.35435435435435436,0.6350915280928858,0.8361581920903954,0.7741723312444013,177,0.5964125560538116,0.35276532137518685,0.6364564427639555
composition_shuffle_035,-775.2999877929688,0.6827956989247311,0.6565247525235541,186,0.7207207207207207,0.35735735735735735,0.6247883732088033,0.7288135593220338,0.6958468801623616,177,0.71898355754858,0.35575485799701045,0.6261515324387192
composition_shuffle_036,-768.0,0.6881720430107527,0.6526081005884711,186,0.6546546546546547,0.31681681681681684,0.6690896549007134,0.672316384180791,0.642934270553937,177,0.656203288490284,0.3153961136023916,0.6705676940385931
composition_shuffle_037,-766.7000122070312,0.7204301075268817,0.6962654922277697,186,0.6936936936936937,0.37537537537537535,0.617405401811884,0.807909604519774,0.7541258686806186,177,0.695067264573991,0.37369207772795215,0.6186553510136149
composition_shuffle_038,-769.7000122070312,0.6989247311827957,0.652117150441021,186,0.5615615615615616,0.36036036036036034,0.6306260936944591,0.8022598870056498,0.7421326539058362,177,0.5635276532137519,0.35874439461883406,0.6319731517178108
composition_shuffle_039,-763.5,0.9193548387096774,0.8196381081330029,186,0.6666666666666666,0.35435435435435436,0.6351515787659991,0.9661016949152542,0.8592917379623247,177,0.6681614349775785,0.35276532137518685,0.6364887457512635
composition_shuffle_040,-757.7999877929688,0.7311827956989247,0.6913284835873813,186,0.8438438438438438,0.3408408408408408,0.6279942930343902,0.8192090395480226,0.7528687157789192,177,0.8445440956651719,0.3393124065769806,0.6293587299451314
composition_shuffle_041,-767.0999755859375,0.6989247311827957,0.6581121929204568,186,0.5780780780780781,0.3858858858858859,0.6154482617065021,0.7853107344632768,0.7383418928646505,177,0.5754857997010463,0.3841554559043348,0.6168615516031186
composition_shuffle_042,-749.7999877929688,0.8817204301075269,0.8038294804557877,186,0.7192192192192193,0.34384384384384387,0.6356546836325576,0.9322033898305084,0.8564039077715012,177,0.71898355754858,0.3423019431988042,0.6370466998913756
composition_shuffle_043,-772.2999877929688,0.7795698924731183,0.7117667400718777,186,0.512012012012012,0.3408408408408408,0.6466135616124407,0.751412429378531,0.7065514527158654,177,0.5142002989536621,0.3393124065769806,0.6481413234053982
composition_shuffle_044,-755.5999755859375,0.6451612903225806,0.671259502279422,186,0.6576576576576577,0.36186186186186187,0.6178502279254732,0.7344632768361582,0.7289459453422135,177,0.6591928251121076,0.3602391629297459,0.6192281947133712
composition_shuffle_045,-754.5999755859375,0.6935483870967742,0.6866604780244093,186,0.6696696696696697,0.37237237237237236,0.6315687429292521,0.8022598870056498,0.7690444543568343,177,0.6711509715994021,0.37070254110612855,0.632994080380391
composition_shuffle_046,-756.7999877929688,0.6290322580645161,0.6612243628860401,186,0.6411411411411412,0.3633633633633634,0.627074400328152,0.711864406779661,0.7239832903368998,177,0.6427503736920778,0.3617339312406577,0.6284937363419565
composition_shuffle_047,-755.5,0.7956989247311828,0.7340586565004282,186,0.539039039039039,0.3738738738738739,0.6199857434669704,0.8700564971751412,0.8101200838020798,177,0.5396113602391629,0.3721973094170404,0.6214576224828794
composition_shuffle_048,-770.9000244140625,0.7419354838709677,0.6683953101202215,186,0.6456456456456456,0.3588588588588589,0.6282841570061912,0.8248587570621468,0.7401316117134872,177,0.6427503736920778,0.3572496263079223,0.6296395564794923
composition_shuffle_049,-759.7000122070312,0.7473118279569892,0.6897305823325148,186,0.575075075075075,0.36786786786786785,0.6228147191502811,0.8361581920903954,0.7645455089015103,177,0.5739910313901345,0.3662182361733931,0.6241805388811797
composition_shuffle_050,-765.0,0.6774193548387096,0.657513067390849,186,0.6711711711711712,0.34534534534534533,0.6403963352185632,0.7288135593220338,0.7059092396215173,177,0.6636771300448431,0.34379671150971597,0.641735531735029
composition_shuffle_051,-768.9000244140625,0.8118279569892473,0.7475345975929691,186,0.5435435435435435,0.35585585585585583,0.6314347855293274,0.9265536723163842,0.8289859107784969,177,0.5455904334828101,0.3542600896860987,0.6328233013342056
composition_shuffle_052,-779.7999877929688,0.7580645161290323,0.7228129399895464,186,0.6036036036036037,0.35585585585585583,0.6220607567928403,0.847457627118644,0.8013320538875683,177,0.600896860986547,0.3542600896860987,0.6234452540209692
composition_shuffle_053,-762.0,0.7258064516129032,0.7453636040407864,186,0.7177177177177178,0.33933933933933935,0.636917517735591,0.7796610169491526,0.795655270585906,177,0.7174887892376681,0.33781763826606875,0.6381972004409049
composition_shuffle_054,-756.2999877929688,0.8172043010752689,0.7704775876926399,186,0.6336336336336337,0.34684684684684686,0.6426162512398396,0.8022598870056498,0.7768153021596161,177,0.6352765321375187,0.3452914798206278,0.6429723723661472
composition_shuffle_055,-781.0999755859375,0.8655913978494624,0.7836421747223764,186,0.7867867867867868,0.3408408408408408,0.6376685049467569,0.9152542372881356,0.8339946356386283,177,0.7862481315396114,0.3393124065769806,0.6390559704112756
composition_shuffle_056,-780.9000244140625,0.7795698924731183,0.7333811187193053,186,0.6441441441441441,0.37237237237237236,0.6216162031866886,0.847457627118644,0.8049022963372162,177,0.6457399103139013,0.37070254110612855,0.6230293600245718
composition_shuffle_057,-780.0,0.7956989247311828,0.7308206798348222,186,0.6591591591591591,0.34384384384384387,0.6447957316872353,0.864406779661017,0.7971592294691869,177,0.656203288490284,0.3423019431988042,0.646080095773455
composition_shuffle_058,-760.5,0.7580645161290323,0.74278689788339,186,0.6636636636636637,0.35735735735735735,0.6320905493131501,0.847457627118644,0.8182902524700273,177,0.6636771300448431,0.35575485799701045,0.633448450197116
composition_shuffle_059,-753.0999755859375,0.7258064516129032,0.6839789387329371,186,0.7282282282282282,0.3303303303303303,0.651375148046407,0.6949152542372882,0.6707558285862294,177,0.726457399103139,0.32884902840059793,0.6529274540116984
composition_shuffle_060,-753.0,0.7043010752688172,0.6778414271113473,186,0.6891891891891891,0.34384384384384387,0.6431835431054347,0.7457627118644068,0.7276711101041275,177,0.6905829596412556,0.3423019431988042,0.6445639551114952
composition_shuffle_061,-762.4000244140625,0.5591397849462365,0.5273251972021074,186,0.5675675675675675,0.38738738738738737,0.6109615804870422,0.655367231638418,0.6209654358869973,177,0.5695067264573991,0.38565022421524664,0.6124574131741211
composition_shuffle_062,-781.9000244140625,0.7580645161290323,0.7003322517829796,186,0.7522522522522522,0.3663663663663664,0.6292261153679641,0.7344632768361582,0.7024366960855527,177,0.7518684603886397,0.36472346786248133,0.629375039201624
composition_shuffle_063,-751.5999755859375,0.7688172043010753,0.7184930134630982,186,0.7252252252252253,0.36036036036036034,0.625488503112606,0.8587570621468926,0.7813343891063652,177,0.7249626307922272,0.35874439461883406,0.6269151973678739
composition_shuffle_064,-774.5999755859375,0.7150537634408602,0.6752028748276018,186,0.512012012012012,0.34534534534534533,0.6348167843727353,0.8022598870056498,0.7545310819546539,177,0.5097159940209267,0.34379671150971597,0.6361425850010356
gc3_high,-876.2000122070312,0.0,0.0,186,0.0,1.0,0.0,0.0,0.0,177,0.0,1.0,0.0
gc3_low,-601.0,0.5698924731182796,0.5597303166641185,186,0.6531531531531531,0.34384384384384387,0.6442011937203144,0.672316384180791,0.6497450625584774,177,0.6547085201793722,0.3423019431988042,0.6455654076218248
human_weighted_001,-739.0999755859375,0.6505376344086021,0.6805683550849226,186,0.7012012012012012,0.3183183183183183,0.6442311534566507,0.672316384180791,0.7048741603575353,177,0.6980568011958147,0.31689088191330345,0.6450572250351595
human_weighted_002,-739.5999755859375,0.6021505376344086,0.5728647286156947,186,0.7072072072072072,0.33483483483483484,0.649434776689363,0.7062146892655368,0.6322088776988972,177,0.7085201793721974,0.3333333333333333,0.6507624179308477
human_weighted_003,-750.2000122070312,0.543010752688172,0.505397017009341,186,0.7282282282282282,0.33633633633633636,0.6570473663445003,0.5028248587570622,0.47503985423350703,177,0.7249626307922272,0.336322869955157,0.6568207041625056
human_weighted_004,-743.2999877929688,0.7419354838709677,0.6804920363149034,186,0.7762762762762763,0.33183183183183185,0.6415714088154274,0.8305084745762712,0.7486369285560187,177,0.7772795216741405,0.3303437967115097,0.6428755304676751
human_weighted_005,-746.2999877929688,0.6129032258064516,0.5779479939251067,186,0.7627627627627628,0.32882882882882886,0.6420552295250683,0.576271186440678,0.5915972123706534,177,0.7638266068759342,0.3273542600896861,0.6435230394369189
human_weighted_006,-745.5,0.6935483870967742,0.6647896990329055,186,0.7522522522522522,0.32882882882882886,0.6513619521216999,0.7401129943502824,0.6951511116958345,177,0.7533632286995515,0.3273542600896861,0.6522874777613792
human_weighted_007,-743.7999877929688,0.5860215053763441,0.5835370451589966,186,0.7027027027027027,0.34984984984984985,0.6376614649172441,0.6440677966101694,0.6387519877162923,177,0.6995515695067265,0.3482810164424514,0.6389755698540044
human_weighted_008,-761.7999877929688,0.7903225806451613,0.7487072526140549,186,0.7402402402402403,0.34234234234234234,0.6366315156753797,0.8813559322033898,0.8116903294214589,177,0.7399103139013453,0.34080717488789236,0.6375180241944821
human_weighted_009,-756.2999877929688,0.7043010752688172,0.6917468406340127,186,0.7297297297297297,0.3303303303303303,0.6379284951274838,0.7231638418079096,0.7034418521459493,177,0.7309417040358744,0.32884902840059793,0.6394525359417537
human_weighted_010,-748.4000244140625,0.6182795698924731,0.5622493850478154,186,0.8018018018018018,0.3108108108108108,0.6584964977375951,0.6779661016949152,0.6028271274020275,177,0.8026905829596412,0.3094170403587444,0.6597907705605579
human_weighted_011,-750.0999755859375,0.5591397849462365,0.5262855689309041,186,0.7042042042042042,0.33183183183183185,0.6516540913978718,0.576271186440678,0.5444140148214768,177,0.7055306427503737,0.3303437967115097,0.6527704777662293
human_weighted_012,-742.7999877929688,0.6290322580645161,0.5688546596956189,186,0.6681681681681682,0.34234234234234234,0.6488754412956754,0.6666666666666666,0.615851201768833,177,0.6696562032884903,0.34080717488789236,0.6502449121696491
human_weighted_013,-741.5,0.5698924731182796,0.5541887543996352,186,0.6456456456456456,0.35285285285285284,0.6442850380315757,0.655367231638418,0.6329894232372311,177,0.6457399103139013,0.351270553064275,0.645644910092106
human_weighted_014,-744.9000244140625,0.7903225806451613,0.7222121137458715,186,0.6921921921921922,0.34384384384384387,0.6382235326960359,0.847457627118644,0.772094993822153,177,0.6935724962630793,0.3423019431988042,0.6395155093625515
human_weighted_015,-758.7999877929688,0.6344086021505376,0.6630964630298437,186,0.7102102102102102,0.35285285285285284,0.62823445565794,0.7175141242937854,0.731777105617237,177,0.7085201793721974,0.351270553064275,0.6296446263166201
human_weighted_016,-767.5,0.7580645161290323,0.7353451429621649,186,0.7432432432432432,0.3588588588588589,0.6341271025403521,0.7288135593220338,0.7239522044196258,177,0.7443946188340808,0.35874439461883406,0.6344905747020134
human_weighted_017,-781.2000122070312,0.8387096774193549,0.7748350906016815,186,0.5255255255255256,0.35735735735735735,0.6281021848484077,0.9096045197740112,0.8308732799927857,177,0.5201793721973094,0.35575485799701045,0.6295295594133129
human_weighted_018,-751.0,0.6720430107526881,0.6313925151838488,186,0.7462462462462462,0.3333333333333333,0.6430198702267607,0.7401129943502824,0.6788261712155184,177,0.7473841554559043,0.33183856502242154,0.6443645957171098
human_weighted_019,-741.0,0.7580645161290323,0.7017917877175189,186,0.56006006006006,0.35585585585585583,0.6399106753543825,0.8248587570621468,0.7694644981735921,177,0.5605381165919282,0.3542600896860987,0.6412230243439317
human_weighted_020,-742.7999877929688,0.7741935483870968,0.696241275412068,186,0.7987987987987988,0.3258258258258258,0.6566369072932219,0.8192090395480226,0.7501535684973302,177,0.7997010463378177,0.3243647234678625,0.6579530816149174
human_weighted_021,-770.4000244140625,0.8494623655913979,0.7981862338204738,186,0.5420420420420421,0.35735735735735735,0.6313395484660134,0.9209039548022598,0.8627321598722499,177,0.5426008968609866,0.35575485799701045,0.6325505709742072
human_weighted_022,-746.7999877929688,0.6236559139784946,0.6364149083797838,186,0.7927927927927928,0.3333333333333333,0.6546336516118146,0.6836158192090396,0.694244815974698,177,0.7937219730941704,0.33183856502242154,0.6558965336903636
human_weighted_023,-746.7000122070312,0.7473118279569892,0.7209212238554873,186,0.6861861861861862,0.36786786786786785,0.6235347600375205,0.8135593220338984,0.7742694122243231,177,0.6875934230194319,0.3662182361733931,0.6249773010451956
human_weighted_024,-765.2000122070312,0.5806451612903226,0.5932327569731491,186,0.7402402402402403,0.35135135135135137,0.63857458465454,0.6610169491525424,0.6516410469848882,177,0.7414050822122571,0.34977578475336324,0.6398915620939934
human_weighted_025,-738.0999755859375,0.7043010752688172,0.6813601882439339,186,0.6921921921921922,0.33783783783783783,0.65052372585266,0.7740112994350282,0.7388265275812081,177,0.6935724962630793,0.336322869955157,0.6518397069736043
human_weighted_026,-730.0999755859375,0.6451612903225806,0.6027931977349449,186,0.7627627627627628,0.34384384384384387,0.6398960429063494,0.7288135593220338,0.6646905732420036,177,0.7638266068759342,0.3423019431988042,0.6412140084002963
human_weighted_027,-747.5999755859375,0.7419354838709677,0.6915449201271298,186,0.7312312312312312,0.37537537537537535,0.6182453904643193,0.8305084745762712,0.7711028625621686,177,0.7294469357249627,0.37369207772795215,0.6196472553948611
human_weighted_028,-740.0,0.8440860215053764,0.7882308205157789,186,0.5915915915915916,0.36786786786786785,0.6261962812375416,0.9322033898305084,0.8660988289084138,177,0.5919282511210763,0.3662182361733931,0.6275681275894469
human_weighted_029,-750.9000244140625,0.6827956989247311,0.7008567286933202,186,0.7192192192192193,0.3588588588588589,0.6233537698286706,0.7457627118644068,0.7573443296349655,177,0.7204783258594918,0.3572496263079223,0.6247318898557219
human_weighted_030,-743.5,0.6612903225806451,0.5984202423342628,186,0.7702702702702703,0.32432432432432434,0.6496794602918782,0.655367231638418,0.6127693746104116,177,0.7698056801195815,0.32286995515695066,0.6506432080814288
human_weighted_031,-746.7000122070312,0.7096774193548387,0.5961085093609381,186,0.7417417417417418,0.3078078078078078,0.6666455865333268,0.6779661016949152,0.577398765625417,177,0.7428998505231689,0.3064275037369208,0.6681370150926258
human_weighted_032,-774.4000244140625,0.7204301075268817,0.656245044694202,186,0.6186186186186187,0.3258258258258258,0.6581747435279521,0.6892655367231638,0.6415332436599732,177,0.6158445440956651,0.3243647234678625,0.6596601332126203
human_weighted_033,-769.9000244140625,0.7096774193548387,0.6851506994366559,186,0.6861861861861862,0.3333333333333333,0.6500723007983878,0.7966101694915254,0.7437796081063774,177,0.6875934230194319,0.33183856502242154,0.6513890042873828
human_weighted_034,-739.7000122070312,0.8172043010752689,0.720751477877975,186,0.6486486486486487,0.33933933933933935,0.6442896889182264,0.7966101694915254,0.7340298346410694,177,0.6502242152466368,0.33781763826606875,0.6449820677338333
human_weighted_035,-751.5999755859375,0.8655913978494624,0.7529834428531749,186,0.7222222222222222,0.33933933933933935,0.6474263719798643,0.8192090395480226,0.7388464376740789,177,0.7234678624813154,0.33781763826606875,0.6487793518202781
human_weighted_036,-753.0999755859375,0.6236559139784946,0.5854542079993921,186,0.7057057057057057,0.34234234234234234,0.6415440588434991,0.672316384180791,0.6244610525328287,177,0.6980568011958147,0.34080717488789236,0.6427810635750113
human_weighted_037,-744.0,0.7096774193548387,0.6704608211074755,186,0.7297297297297297,0.36786786786786785,0.6247895526766383,0.7966101694915254,0.7103264003677694,177,0.7309417040358744,0.3662182361733931,0.6260943390263345
human_weighted_038,-745.0999755859375,0.5698924731182796,0.5344728427686883,186,0.7327327327327328,0.32732732732732733,0.6522176564495858,0.655367231638418,0.5898245756291899,177,0.7339312406576981,0.32585949177877427,0.6535426290887908
human_weighted_039,-742.7000122070312,0.8494623655913979,0.7867107457050713,186,0.7522522522522522,0.36186186186186187,0.6332940871697268,0.8983050847457628,0.8348983108486302,177,0.7533632286995515,0.3602391629297459,0.6346458634926028
human_weighted_040,-744.2000122070312,0.7634408602150538,0.6939413722091715,186,0.6726726726726727,0.36786786786786785,0.6235407344109825,0.8531073446327684,0.7749954855510104,177,0.6681614349775785,0.3662182361733931,0.6249181637545081
human_weighted_041,-738.7999877929688,0.8064516129032258,0.7220929210544914,186,0.7387387387387387,0.34234234234234234,0.631286519478492,0.8983050847457628,0.769543921795942,177,0.7399103139013453,0.34080717488789236,0.6322176974554399
human_weighted_042,-734.2999877929688,0.6612903225806451,0.6234055568278837,186,0.7852852852852853,0.35735735735735735,0.6239101401134377,0.7457627118644068,0.6953047958734093,177,0.7862481315396114,0.35575485799701045,0.6253227170220165
human_weighted_043,-719.5999755859375,0.7473118279569892,0.6679675966621407,186,0.8138138138138138,0.36186186186186187,0.6325416251795484,0.7853107344632768,0.7092181169822559,177,0.8146487294469357,0.3602391629297459,0.6337964325920736
human_weighted_044,-760.0,0.6344086021505376,0.5983970588503746,186,0.7192192192192193,0.3258258258258258,0.6486002463317101,0.6949152542372882,0.6447686339519052,177,0.7204783258594918,0.3243647234678625,0.6498422447176736
human_weighted_045,-759.7000122070312,0.6774193548387096,0.6352333955526832,186,0.7012012012012012,0.3108108108108108,0.6605681097164363,0.711864406779661,0.6801462832964578,177,0.70254110612855,0.3094170403587444,0.661822683240551
human_weighted_046,-751.2999877929688,0.7580645161290323,0.7106227394160864,186,0.8213213213213213,0.35585585585585583,0.6367767375919239,0.8248587570621468,0.775640533716118,177,0.8221225710014948,0.3542600896860987,0.6380895696630093
human_weighted_047,-764.7000122070312,0.7903225806451613,0.7005861436257199,186,0.7402402402402403,0.32432432432432434,0.6532369809175581,0.8305084745762712,0.750021701710204,177,0.7414050822122571,0.32286995515695066,0.6545120172866733
human_weighted_048,-745.0999755859375,0.543010752688172,0.547717850223454,186,0.7612612612612613,0.34534534534534533,0.6503623159073704,0.576271186440678,0.564495408674702,177,0.7623318385650224,0.34379671150971597,0.651266426955334
human_weighted_049,-765.5,0.8440860215053764,0.7874895775069793,186,0.7777777777777778,0.3663663663663664,0.6269926507030837,0.9152542372881356,0.851004217735539,177,0.7757847533632287,0.36472346786248133,0.6283411675098596
human_weighted_050,-728.7000122070312,0.6182795698924731,0.5692034018995733,186,0.7507507507507507,0.38288288288288286,0.6132762406294782,0.7062146892655368,0.6495678066157625,177,0.7518684603886397,0.3811659192825112,0.6147794760029238
human_weighted_051,-752.5,0.7365591397849462,0.6843725500768552,186,0.6951951951951952,0.33783783783783783,0.6440621873565345,0.8305084745762712,0.7449992760005644,177,0.6965620328849028,0.336322869955157,0.6454024102294087
human_weighted_052,-779.9000244140625,0.8010752688172043,0.7246731104841205,186,0.6126126126126126,0.35585585585585583,0.6314149331092841,0.8418079096045198,0.7752569283702079,177,0.6113602391629297,0.3542600896860987,0.6327607287660167
human_weighted_053,-739.0999755859375,0.6344086021505376,0.5659905054573598,186,0.7432432432432432,0.34684684684684686,0.6466382677972856,0.615819209039548,0.5774081486151823,177,0.7428998505231689,0.3452914798206278,0.6474613380477978
human_weighted_054,-739.2000122070312,0.9354838709677419,0.8348336013094071,186,0.6411411411411412,0.34684684684684686,0.636427428626865,0.9661016949152542,0.8711704518540767,177,0.6427503736920778,0.3452914798206278,0.6375900107735355
human_weighted_055,-747.7000122070312,0.7688172043010753,0.703530894171807,186,0.7672672672672672,0.33783783783783783,0.6518623348273822,0.7966101694915254,0.7439464319307926,177,0.7683109118086696,0.336322869955157,0.6529376612154475
human_weighted_056,-758.5999755859375,0.7526881720430108,0.7419968905648396,186,0.6321321321321322,0.35585585585585583,0.6352491348868619,0.8418079096045198,0.7952797249022682,177,0.6307922272047832,0.3542600896860987,0.6364393631350076
human_weighted_057,-755.7999877929688,0.6774193548387096,0.7011046151640594,186,0.6936936936936937,0.32882882882882886,0.6438651273641602,0.6440677966101694,0.6962104000698375,177,0.695067264573991,0.32884902840059793,0.6442880578811923
human_weighted_058,-730.7999877929688,0.8817204301075269,0.8052332845708338,186,0.5255255255255256,0.3738738738738739,0.6261446477992773,0.9209039548022598,0.8423733325297931,177,0.5276532137518685,0.3721973094170404,0.6274998298616101
human_weighted_059,-742.5999755859375,0.6612903225806451,0.6415386517500073,186,0.5840840840840841,0.33933933933933935,0.6544700833264078,0.7457627118644068,0.7130536406662725,177,0.585949177877429,0.33781763826606875,0.6557150816319259
human_weighted_060,-765.0,0.7634408602150538,0.7532563407632199,186,0.7657657657657657,0.34984984984984985,0.6314494738282954,0.8531073446327684,0.8112162609011103,177,0.7668161434977578,0.3482810164424514,0.6327487547726558
human_weighted_061,-736.7000122070312,0.7849462365591398,0.7001663892458632,186,0.8408408408408409,0.3588588588588589,0.6343255283403526,0.7570621468926554,0.7060385577674655,177,0.8400597907324364,0.3572496263079223,0.6349967456450678
human_weighted_062,-754.7999877929688,0.7634408602150538,0.7828966431840453,186,0.6246246246246246,0.32882882882882886,0.6519855135145797,0.8531073446327684,0.8428801608174555,177,0.6263079222720478,0.3273542600896861,0.6532124167110899
human_weighted_063,-738.2000122070312,0.7150537634408602,0.6740922695915346,186,0.6066066066066066,0.35585585585585583,0.6440128694672231,0.807909604519774,0.7566811924005759,177,0.6083707025411061,0.3542600896860987,0.6453768743120587
human_weighted_064,-760.7000122070312,0.7204301075268817,0.6465796826504951,186,0.7537537537537538,0.3708708708708709,0.6231616192019612,0.807909604519774,0.7226598853466369,177,0.7518684603886397,0.3692077727952167,0.6245764959694144
human_weighted_065,-743.7000122070312,0.7419354838709677,0.6449611759600337,186,0.7162162162162162,0.32732732732732733,0.6592731132001519,0.7627118644067796,0.68170343598382,177,0.7174887892376681,0.32585949177877427,0.6605367763959538
human_weighted_066,-737.7000122070312,0.7956989247311828,0.7422754132058672,186,0.6786786786786787,0.3483483483483483,0.6459459800716058,0.864406779661017,0.8019077211088471,177,0.6786248131539612,0.34678624813153963,0.6472575467384812
human_weighted_067,-722.0,0.7311827956989247,0.6772431225657666,186,0.7072072072072072,0.34684684684684686,0.6391525628179531,0.7966101694915254,0.724857186845972,177,0.7085201793721974,0.3452914798206278,0.6404873607173862
human_weighted_068,-752.9000244140625,0.5161290322580645,0.5056232694983303,186,0.6831831831831832,0.35135135135135137,0.6429371057928424,0.5536723163841808,0.5447905797453461,177,0.6786248131539612,0.34977578475336324,0.6442275469659826
human_weighted_069,-739.9000244140625,0.6989247311827957,0.6445764523227466,186,0.7972972972972973,0.32882882882882886,0.6504287682488913,0.7740112994350282,0.7189476728349882,177,0.7952167414050823,0.3273542600896861,0.6517226181820142
human_weighted_070,-755.5,0.543010752688172,0.5126756662687914,186,0.6231231231231231,0.35735735735735735,0.6307654140749012,0.6214689265536724,0.5782973687898247,177,0.624813153961136,0.35575485799701045,0.6321392668527189
human_weighted_071,-738.0,0.8010752688172043,0.719909793840763,186,0.7117117117117117,0.33183183183183185,0.6405143351103284,0.8022598870056498,0.7215334048560591,177,0.7130044843049327,0.3303437967115097,0.641866696740239
human_weighted_072,-747.7999877929688,0.7096774193548387,0.6543677333712338,186,0.6741741741741741,0.3588588588588589,0.627659635290676,0.7627118644067796,0.6836257495228096,177,0.672645739910314,0.3572496263079223,0.6290553642837418
human_weighted_073,-738.0,0.8118279569892473,0.7639552616021065,186,0.7597597597597597,0.3633633633633634,0.6296956727241667,0.903954802259887,0.8381154226128664,177,0.7608370702541106,0.3617339312406577,0.6310634052730133
human_weighted_074,-752.5999755859375,0.7150537634408602,0.6801434512965516,186,0.5135135135135135,0.33633633633633636,0.6517048098398327,0.7796610169491526,0.746436389399451,177,0.5097159940209267,0.33482810164424515,0.652956002426248
human_weighted_075,-762.2000122070312,0.6935483870967742,0.6304967598801839,186,0.7372372372372372,0.35135135135135137,0.6310867754646561,0.7062146892655368,0.6479820253835243,177,0.7384155455904334,0.34977578475336324,0.6318907461940159
human_weighted_076,-750.9000244140625,0.8387096774193549,0.7121846662945069,186,0.7327327327327328,0.3483483483483483,0.6344420876319325,0.8700564971751412,0.7595840572605783,177,0.7339312406576981,0.34678624813153963,0.6358289122142355
human_weighted_077,-752.5999755859375,0.6236559139784946,0.6192304180046733,186,0.5585585585585585,0.33633633633633636,0.6547615017964925,0.655367231638418,0.6590704444503904,177,0.5590433482810164,0.33482810164424515,0.6560192181435276
human_weighted_078,-753.0,0.7204301075268817,0.6950368209371484,186,0.6906906906906907,0.36186186186186187,0.6266894844603927,0.807909604519774,0.7544456561659015,177,0.6920777279521674,0.3602391629297459,0.6278724009392805
human_weighted_079,-760.5,0.8333333333333334,0.7560036514172953,186,0.6936936936936937,0.3858858858858859,0.6178569046167266,0.903954802259887,0.8213946246936664,177,0.6935724962630793,0.3841554559043348,0.6192606102590895
human_weighted_080,-745.0999755859375,0.8010752688172043,0.7093297715808843,186,0.7537537537537538,0.35285285285285284,0.6378672066404362,0.8587570621468926,0.7706618983933481,177,0.7548579970104634,0.351270553064275,0.6392363431703848
human_weighted_081,-753.4000244140625,0.7096774193548387,0.6898304182411452,186,0.7087087087087087,0.32432432432432434,0.6557184791503727,0.7570621468926554,0.7085386444117326,177,0.7085201793721974,0.32286995515695066,0.6563668834335568
human_weighted_082,-740.5,0.5860215053763441,0.5375342760185783,186,0.6171171171171171,0.3258258258258258,0.6602178068991301,0.6045197740112994,0.5581646929877333,177,0.6188340807174888,0.3243647234678625,0.6614161056294791
human_weighted_083,-749.0999755859375,0.5967741935483871,0.6000926390833845,186,0.7342342342342343,0.3483483483483483,0.637558813606924,0.6779661016949152,0.6481930532469349,177,0.7324364723467862,0.34678624813153963,0.6386887413010655
human_weighted_084,-745.9000244140625,0.5913978494623656,0.5933031555093529,186,0.8003003003003003,0.3783783783783784,0.624674578741364,0.672316384180791,0.6552004391211743,177,0.8011958146487295,0.37668161434977576,0.6260554085349664
human_weighted_085,-752.9000244140625,0.7795698924731183,0.678147454280465,186,0.6546546546546547,0.34234234234234234,0.6426645186229165,0.847457627118644,0.7412151197843068,177,0.6502242152466368,0.34080717488789236,0.6439561864997077
human_weighted_086,-741.4000244140625,0.8064516129032258,0.6973730125707813,186,0.7597597597597597,0.33633633633633636,0.645609425270661,0.8757062146892656,0.7648475103574873,177,0.7608370702541106,0.33482810164424515,0.6468847950799349
human_weighted_087,-740.7000122070312,0.8440860215053764,0.7764747107942258,186,0.7192192192192193,0.33783783783783783,0.6330167683900304,0.9265536723163842,0.8057103685950492,177,0.7204783258594918,0.336322869955157,0.6339212008255445
human_weighted_088,-745.5999755859375,0.521505376344086,0.5727515505130957,186,0.7402402402402403,0.35285285285285284,0.6392307991806334,0.5988700564971752,0.6343214575958959,177,0.7414050822122571,0.351270553064275,0.6405621893099611
human_weighted_089,-745.5999755859375,0.6182795698924731,0.568160751829974,186,0.6726726726726727,0.3078078078078078,0.6517399071698049,0.6101694915254238,0.5598197293914736,177,0.6741405082212257,0.3064275037369208,0.6531689428791173
human_weighted_090,-737.7999877929688,0.5752688172043011,0.5583129012556647,186,0.7312312312312312,0.34234234234234234,0.6366593514764902,0.6214689265536724,0.6046839624138202,177,0.7324364723467862,0.34080717488789236,0.6379013165813469
human_weighted_091,-753.4000244140625,0.5645161290322581,0.5888764172827563,186,0.7792792792792793,0.3708708708708709,0.6223437586335689,0.6610169491525424,0.6376149949259969,177,0.7802690582959642,0.3692077727952167,0.6236688493113005
human_weighted_092,-753.7999877929688,0.6720430107526881,0.6705936087365513,186,0.6381381381381381,0.36486486486486486,0.6373972225834856,0.7570621468926554,0.7384771690003874,177,0.6397608370702541,0.3632286995515695,0.6387440316319014
human_weighted_093,-751.7000122070312,0.6451612903225806,0.5958662910641392,186,0.5630630630630631,0.36486486486486486,0.6318580861824689,0.7288135593220338,0.6682024246682767,177,0.5650224215246636,0.3632286995515695,0.6332337587222387
human_weighted_094,-738.7000122070312,0.5752688172043011,0.556152556074961,186,0.7177177177177178,0.35435435435435436,0.6354904724678929,0.6610169491525424,0.635029883334896,177,0.71898355754858,0.35276532137518685,0.636830133440352
human_weighted_095,-742.9000244140625,0.5268817204301075,0.5247676418501958,186,0.6501501501501501,0.33933933933933935,0.657178227965309,0.559322033898305,0.5428342616182587,177,0.6517189835575485,0.33781763826606875,0.6582526556042362
human_weighted_096,-755.4000244140625,0.6935483870967742,0.6565355994301768,186,0.6306306306306306,0.33633633633633636,0.6516181339976252,0.7231638418079096,0.67457723143671,177,0.6322869955156951,0.33482810164424515,0.6525722957451549
original,-779.4000244140625,0.7956989247311828,0.7039879450814859,186,0.5870870870870871,0.36036036036036034,0.6273138922547496,0.8587570621468926,0.767935593849269,177,0.5889387144992526,0.35874439461883406,0.6280637250291711
uniform_001,-714.0,0.5268817204301075,0.5029399535375878,186,0.7462462462462462,0.36036036036036034,0.6225951658382822,0.5988700564971752,0.5658763893274853,177,0.7473841554559043,0.35874439461883406,0.6234552944736244
uniform_002,-694.9000244140625,0.6236559139784946,0.6005117213669491,186,0.7297297297297297,0.3333333333333333,0.6494653278314094,0.672316384180791,0.6368471282778642,177,0.7309417040358744,0.33183856502242154,0.6506367101716929
uniform_003,-700.0999755859375,0.7043010752688172,0.6598655021082835,186,0.6981981981981982,0.33783783783783783,0.6522244754332546,0.751412429378531,0.696295311815098,177,0.6995515695067265,0.336322869955157,0.653180858499398
uniform_004,-731.4000244140625,0.5698924731182796,0.5448956973641055,186,0.7207207207207207,0.3258258258258258,0.6487051284144965,0.655367231638418,0.599598121528427,177,0.7204783258594918,0.3243647234678625,0.6499775018077513
uniform_005,-724.0999755859375,0.7204301075268817,0.635780292702205,186,0.7537537537537538,0.32882882882882886,0.6560582274751305,0.6892655367231638,0.6373764388850235,177,0.7548579970104634,0.3273542600896861,0.6571562922834208
uniform_006,-720.0999755859375,0.5591397849462365,0.5289418688406186,186,0.7492492492492493,0.3663663663663664,0.6391933089915408,0.6384180790960452,0.5977779111947757,177,0.7488789237668162,0.36472346786248133,0.6403761564504582
uniform_007,-724.0999755859375,0.7795698924731183,0.7579755781278494,186,0.7267267267267268,0.34534534534534533,0.6418241964987045,0.8700564971751412,0.8024872310649035,177,0.7219730941704036,0.34379671150971597,0.6431064837372461
uniform_008,-730.7000122070312,0.6182795698924731,0.5585280318230137,186,0.6156156156156156,0.35585585585585583,0.6358271747051543,0.6779661016949152,0.6171800387922607,177,0.617339312406577,0.3542600896860987,0.6371533146662687
uniform_009,-708.5999755859375,0.8279569892473119,0.7900696551009151,186,0.7807807807807807,0.35585585585585583,0.6288537256562671,0.9209039548022598,0.8487655526332263,177,0.7817638266068759,0.3542600896860987,0.6302757150185172
uniform_010,-698.5,0.6559139784946236,0.5946707068368625,186,0.7252252252252253,0.3063063063063063,0.6719003495528251,0.6836158192090396,0.6116008667550233,177,0.726457399103139,0.30493273542600896,0.6728305020121688
uniform_011,-705.7000122070312,0.7795698924731183,0.7428945741479746,186,0.7912912912912913,0.3303303303303303,0.6351162169488811,0.8757062146892656,0.7991185666056676,177,0.7922272047832586,0.32884902840059793,0.6365195137724922
uniform_012,-718.0999755859375,0.7903225806451613,0.6903445845132166,186,0.6891891891891891,0.34234234234234234,0.6436349491089858,0.8587570621468926,0.7565115150195773,177,0.6905829596412556,0.34080717488789236,0.644913664408766
uniform_013,-725.2000122070312,0.6182795698924731,0.6247571723666546,186,0.8078078078078078,0.33183183183183185,0.6422720811461105,0.7005649717514124,0.6746217585010106,177,0.8086696562032885,0.3303437967115097,0.6436340873649486
uniform_014,-722.4000244140625,0.6129032258064516,0.6297185184053515,186,0.7267267267267268,0.3258258258258258,0.6434682534517209,0.6949152542372882,0.6820554282347866,177,0.7279521674140508,0.3243647234678625,0.6447493578572281
uniform_015,-705.5999755859375,0.7580645161290323,0.6735004120210927,186,0.7222222222222222,0.35285285285285284,0.6317828183711082,0.7966101694915254,0.7311671680552454,177,0.7234678624813154,0.351270553064275,0.633180359605359
uniform_016,-730.5999755859375,0.7311827956989247,0.6772657149234756,186,0.7207207207207207,0.34984984984984985,0.6427843662847843,0.7740112994350282,0.7311408219409785,177,0.7219730941704036,0.3482810164424514,0.6441371085425817
uniform_017,-708.7000122070312,0.8387096774193549,0.7334700860133174,186,0.7702702702702703,0.3228228228228228,0.6419661597025235,0.8813559322033898,0.7680483458321646,177,0.7713004484304933,0.3213751868460389,0.6432469899951461
uniform_018,-698.0999755859375,0.6559139784946236,0.6540792944928085,186,0.8078078078078078,0.32732732732732733,0.6569666071826863,0.7401129943502824,0.7155072816169431,177,0.8071748878923767,0.32585949177877427,0.6580762816117965
uniform_019,-720.4000244140625,0.5268817204301075,0.5189466791516191,186,0.7537537537537538,0.32732732732732733,0.6584274320703649,0.5706214689265536,0.5636980971913611,177,0.7548579970104634,0.32585949177877427,0.6597271956471886
uniform_020,-720.4000244140625,0.543010752688172,0.5174830981111842,186,0.7807807807807807,0.34534534534534533,0.6383677935228749,0.559322033898305,0.5405742295182492,177,0.7817638266068759,0.34379671150971597,0.639348053127739
uniform_021,-737.2000122070312,0.489247311827957,0.5099342068122066,186,0.6876876876876877,0.3183183183183183,0.667264288359961,0.5310734463276836,0.5312093938961885,177,0.6890881913303438,0.31689088191330345,0.6680410709086871
uniform_022,-735.0,0.6505376344086021,0.5707558317445419,186,0.7012012012012012,0.33783783783783783,0.6496901131587002,0.6892655367231638,0.6228955185421812,177,0.70254110612855,0.336322869955157,0.6510162805624028
uniform_023,-732.2000122070312,0.6559139784946236,0.6126514017485396,186,0.6156156156156156,0.3183183183183183,0.6674674002674077,0.672316384180791,0.6427368666639366,177,0.617339312406577,0.31689088191330345,0.6687265287147207
uniform_024,-717.2999877929688,0.8709677419354839,0.7836112886051846,186,0.512012012012012,0.33633633633633636,0.6441958643978511,0.8531073446327684,0.7928943481665607,177,0.5142002989536621,0.33482810164424515,0.6446123396667148
uniform_025,-739.9000244140625,0.5161290322580645,0.4946684322679185,186,0.7507507507507507,0.3483483483483483,0.6395617739079132,0.5932203389830508,0.5663288387740926,177,0.7473841554559043,0.34678624813153963,0.6408672586817503
uniform_026,-730.7000122070312,0.5698924731182796,0.6053303871243848,186,0.6741741741741741,0.34984984984984985,0.632462518393425,0.655367231638418,0.6726541939733476,177,0.6711509715994021,0.3482810164424514,0.6338160045765603
uniform_027,-717.2000122070312,0.7903225806451613,0.7442342700438745,186,0.5015015015015015,0.34234234234234234,0.6454962905682551,0.8361581920903954,0.8019926937475885,177,0.5037369207772795,0.34080717488789236,0.6468543576399711
uniform_028,-702.0,0.6666666666666666,0.6314157563742371,186,0.8333333333333334,0.3153153153153153,0.6592196417399909,0.7062146892655368,0.6838103915733419,177,0.8340807174887892,0.31390134529147984,0.6604068205345619
uniform_029,-723.7999877929688,0.6881720430107527,0.6927293144765445,186,0.6666666666666666,0.3333333333333333,0.6560772611403078,0.7288135593220338,0.7115623390563174,177,0.6681614349775785,0.33183856502242154,0.6568286786223678
uniform_030,-711.2000122070312,0.7043010752688172,0.6288540911940877,186,0.6531531531531531,0.3153153153153153,0.6677148493736076,0.711864406779661,0.6395330626854017,177,0.6547085201793722,0.31390134529147984,0.6686922134096434
uniform_031,-707.5,0.5806451612903226,0.5757646184835222,186,0.9264264264264265,0.3408408408408408,0.642229260867703,0.6214689265536724,0.6109729104985794,177,0.9192825112107623,0.3393124065769806,0.6432279279691745
uniform_032,-729.0,0.7096774193548387,0.6907098422788862,186,0.6636636636636637,0.3138138138138138,0.6574495948620255,0.7570621468926554,0.7122142802116564,177,0.6651718983557549,0.312406576980568,0.6584181914602919
uniform_033,-730.0,0.7795698924731183,0.6963424705418317,186,0.7267267267267268,0.35435435435435436,0.6354445812320313,0.847457627118644,0.7602646841100643,177,0.7279521674140508,0.35276532137518685,0.636770244932549
uniform_034,-736.4000244140625,0.7473118279569892,0.7466243968385282,186,0.581081081081081,0.35735735735735735,0.6309624379484264,0.8305084745762712,0.8045609410283929,177,0.5829596412556054,0.35575485799701045,0.6321376409595888
uniform_035,-706.4000244140625,0.6344086021505376,0.5944173825745594,186,0.7387387387387387,0.32432432432432434,0.6519023453328968,0.6045197740112994,0.5917828851454269,177,0.7384155455904334,0.32286995515695066,0.652482449474572
uniform_036,-726.4000244140625,0.44086021505376344,0.43977352704965716,186,0.7567567567567568,0.3123123123123123,0.6722727932039968,0.5141242937853108,0.5057928091273681,177,0.7518684603886397,0.3109118086696562,0.67343169356555
uniform_037,-716.7000122070312,0.5860215053763441,0.5701770998776317,186,0.7282282282282282,0.34384384384384387,0.6344649583058045,0.6440677966101694,0.6190258177241234,177,0.7249626307922272,0.3423019431988042,0.6357821830148299
uniform_038,-716.5999755859375,0.7311827956989247,0.647320962037572,186,0.6021021021021021,0.33933933933933935,0.6327136715005534,0.8192090395480226,0.7178829348024811,177,0.5979073243647235,0.33781763826606875,0.63404995173303
uniform_039,-722.5999755859375,0.7580645161290323,0.7068223002797334,186,0.7942942942942943,0.34534534534534533,0.6293898642920371,0.807909604519774,0.753382979897456,177,0.7937219730941704,0.34379671150971597,0.6304656629377651
uniform_040,-711.0,0.7526881720430108,0.6440799473185576,186,0.7972972972972973,0.32432432432432434,0.6544195782259395,0.7853107344632768,0.6774728594631967,177,0.7982062780269058,0.32286995515695066,0.6555376089110454
uniform_041,-737.7999877929688,0.8279569892473119,0.7582955249939112,186,0.47297297297297297,0.31681681681681684,0.6615908915647106,0.8022598870056498,0.7327332043638041,177,0.47533632286995514,0.31689088191330345,0.6613729059816507
uniform_042,-720.2999877929688,0.8118279569892473,0.7884546009748495,186,0.5570570570570571,0.3303303303303303,0.6449603958656187,0.8531073446327684,0.8295214564701372,177,0.5590433482810164,0.32884902840059793,0.646258315569898
uniform_043,-722.0999755859375,0.6290322580645161,0.5692441027257241,186,0.7957957957957958,0.35735735735735735,0.6338105531102741,0.7175141242937854,0.6445236282941417,177,0.796711509715994,0.35575485799701045,0.6352111225755597
uniform_044,-707.0999755859375,0.543010752688172,0.5333535061198676,186,0.7372372372372372,0.3003003003003003,0.6678308228685812,0.5028248587570622,0.5014802392783537,177,0.7384155455904334,0.29895366218236175,0.669282399129452
uniform_045,-710.5999755859375,0.8118279569892473,0.7466351135516688,186,0.6741741741741741,0.3228228228228228,0.6673385138822394,0.7853107344632768,0.7295940436523044,177,0.6741405082212257,0.32286995515695066,0.66751190418536
uniform_046,-724.2000122070312,0.43548387096774194,0.4235598279342363,186,0.8348348348348348,0.3303303303303303,0.6576109542407494,0.5084745762711864,0.4564906874749312,177,0.8355754857997011,0.32884902840059793,0.6588040723646823
uniform_047,-713.2999877929688,0.6666666666666666,0.6018245419115511,186,0.7522522522522522,0.33933933933933935,0.649461025256004,0.7175141242937854,0.6466192847359821,177,0.7458893871449925,0.33781763826606875,0.6506842267711286
uniform_048,-717.7999877929688,0.6075268817204301,0.5646676305777776,186,0.8033033033033034,0.35735735735735735,0.6283697485080532,0.6892655367231638,0.6221257520694135,177,0.804185351270553,0.35575485799701045,0.6296927273156326
uniform_049,-722.5,0.6236559139784946,0.5887657950043851,186,0.7012012012012012,0.34534534534534533,0.6439501749111771,0.6666666666666666,0.6439266250832115,177,0.70254110612855,0.34379671150971597,0.6452754699507498
uniform_050,-733.7000122070312,0.46774193548387094,0.5193425955936833,186,0.8798798798798799,0.34984984984984985,0.6295718118421263,0.5423728813559322,0.5711963219847004,177,0.874439461883408,0.3482810164424514,0.6308952146962142
uniform_051,-728.7999877929688,0.6021505376344086,0.5631934736015228,186,0.7282282282282282,0.3123123123123123,0.6675149438719996,0.632768361581921,0.5869381592741681,177,0.7294469357249627,0.3109118086696562,0.6682203992598373
uniform_052,-707.2999877929688,0.6075268817204301,0.6024232847011781,186,0.6816816816816816,0.35285285285285284,0.635082978488542,0.711864406779661,0.6536470402407363,177,0.6831091180866966,0.351270553064275,0.6364222032964223
uniform_053,-726.4000244140625,0.6236559139784946,0.5992263851199745,186,0.7327327327327328,0.34684684684684686,0.6414279980841804,0.7231638418079096,0.6683366830795503,177,0.7339312406576981,0.3452914798206278,0.6427349985093337
uniform_054,-732.5,0.6881720430107527,0.6631786873894593,186,0.8048048048048048,0.34534534534534533,0.6511259142020079,0.7288135593220338,0.7122504382136431,177,0.8056801195814649,0.34379671150971597,0.6524533576833277
uniform_055,-693.5,0.6559139784946236,0.6052348332301257,186,0.7747747747747747,0.34684684684684686,0.6541722913082693,0.6497175141242938,0.6168303299841965,177,0.7757847533632287,0.3452914798206278,0.6546801856005634
uniform_056,-736.2999877929688,0.8172043010752689,0.7410903918608192,186,0.7372372372372372,0.3228228228228228,0.6602105031673134,0.8361581920903954,0.7765161489828566,177,0.7384155455904334,0.3213751868460389,0.6614639141453452
uniform_057,-714.5,0.6344086021505376,0.5980378975385466,186,0.7417417417417418,0.35135135135135137,0.6355133197098645,0.7175141242937854,0.650287344797333,177,0.7428998505231689,0.34977578475336324,0.6366606342776682
uniform_058,-735.9000244140625,0.6774193548387096,0.6259178154556061,186,0.8678678678678678,0.33183183183183185,0.6585618446128145,0.7175141242937854,0.6447098337608458,177,0.8684603886397608,0.3303437967115097,0.6599459532462761
uniform_059,-731.7999877929688,0.6559139784946236,0.6309128860418134,186,0.8393393393393394,0.33783783783783783,0.6447680263816535,0.7570621468926554,0.6928207060449351,177,0.8370702541106129,0.336322869955157,0.645980581545529
uniform_060,-720.2000122070312,0.7741935483870968,0.6468580249215016,186,0.6471471471471472,0.3408408408408408,0.6503414045246614,0.847457627118644,0.7140055062891869,177,0.648729446935725,0.3393124065769806,0.6516162982786304
uniform_061,-726.0999755859375,0.5268817204301075,0.49307950267938816,186,0.6051051051051051,0.33783783783783783,0.656814429904976,0.6045197740112994,0.5724766619543032,177,0.6068759342301944,0.336322869955157,0.6581128736682376
uniform_062,-701.0999755859375,0.6021505376344086,0.5551551192520394,186,0.6756756756756757,0.35435435435435436,0.6513003305726233,0.632768361581921,0.5942399581165203,177,0.6756352765321375,0.35276532137518685,0.6525804682569953
uniform_063,-728.7000122070312,0.6182795698924731,0.610689653740924,186,0.6801801801801802,0.35285285285285284,0.6351117692462173,0.6779661016949152,0.6639908388241241,177,0.680119581464873,0.351270553064275,0.6364680804797679
uniform_064,-718.0999755859375,0.5698924731182796,0.5736903101225385,186,0.7072072072072072,0.3708708708708709,0.6328149857641516,0.6497175141242938,0.634715541688897,177,0.7085201793721974,0.3692077727952167,0.6341684770563202
uniform_065,-724.9000244140625,0.543010752688172,0.5534904113671757,186,0.6861861861861862,0.35285285285285284,0.6381006977866677,0.5819209039548022,0.5731170731491414,177,0.6875934230194319,0.351270553064275,0.6390167444547415
uniform_066,-729.0999755859375,0.8440860215053764,0.7702284362853055,186,0.5930930930930931,0.34234234234234234,0.6504272369285201,0.9209039548022598,0.8464433074386865,177,0.5919282511210763,0.34080717488789236,0.6518362975130791
uniform_067,-744.5,0.5268817204301075,0.58207096990529,186,0.7102102102102102,0.33933933933933935,0.6408038524162118,0.6045197740112994,0.6461793384378274,177,0.7115097159940209,0.33781763826606875,0.6421012680490075
uniform_068,-720.0,0.46236559139784944,0.4986090624446152,186,0.8183183183183184,0.35285285285285284,0.6363264602164455,0.536723163841808,0.5681361453042044,177,0.8191330343796711,0.351270553064275,0.6377186580455338
uniform_069,-726.4000244140625,0.8548387096774194,0.7930522727810086,186,0.7537537537537538,0.3183183183183183,0.6546583085268366,0.8983050847457628,0.8252460475653242,177,0.7533632286995515,0.31689088191330345,0.6557708290732506
uniform_070,-710.7999877929688,0.7903225806451613,0.7444494588046162,186,0.6246246246246246,0.34234234234234234,0.6401360926857875,0.8813559322033898,0.810160920649445,177,0.6263079222720478,0.34080717488789236,0.6414813563255107
uniform_071,-731.7999877929688,0.6236559139784946,0.5843145682943374,186,0.6276276276276276,0.3708708708708709,0.6279007909800387,0.7062146892655368,0.6507610050904812,177,0.6263079222720478,0.3692077727952167,0.629272346437124
uniform_072,-713.9000244140625,0.6451612903225806,0.6185530965255263,186,0.6981981981981982,0.34684684684684686,0.6288013598290717,0.7288135593220338,0.6862260548313711,177,0.6995515695067265,0.3452914798206278,0.6301551710959773
uniform_073,-725.5999755859375,0.7795698924731183,0.6628263379809474,186,0.6996996996996997,0.3408408408408408,0.6490111033369905,0.847457627118644,0.7183323869799276,177,0.6980568011958147,0.3393124065769806,0.6501807878226536
uniform_074,-749.4000244140625,0.7096774193548387,0.7018090700930966,186,0.6351351351351351,0.37987987987987987,0.6292045337432046,0.8135593220338984,0.7729148077489124,177,0.6367713004484304,0.3781763826606876,0.630364919157059
uniform_075,-718.7999877929688,0.6935483870967742,0.6844142537554025,186,0.5885885885885885,0.3333333333333333,0.65489265942618,0.7401129943502824,0.7115708921202669,177,0.5904334828101644,0.33183856502242154,0.6558187926158059
uniform_076,-755.5,0.7419354838709677,0.7160203236728526,186,0.6036036036036037,0.34234234234234234,0.6400606645045439,0.8305084745762712,0.7931005311551067,177,0.6053811659192825,0.34080717488789236,0.6414222640658895
uniform_077,-736.5,0.6989247311827957,0.6888613999303009,186,0.8483483483483484,0.36036036036036034,0.6270402642209512,0.807909604519774,0.7621755346782126,177,0.8490284005979073,0.35874439461883406,0.6282631587824267
uniform_078,-709.2000122070312,0.5591397849462365,0.5697285709733654,186,0.7567567567567568,0.32432432432432434,0.6412990053225711,0.632768361581921,0.612070655895497,177,0.7563527653213752,0.32286995515695066,0.6421741049936653
uniform_079,-733.9000244140625,0.46774193548387094,0.47376735058177505,186,0.7882882882882883,0.3153153153153153,0.6531112785346058,0.5028248587570622,0.4973541063027677,177,0.7877428998505231,0.31390134529147984,0.6542969705293579
uniform_080,-722.5999755859375,0.7526881720430108,0.7162302032780272,186,0.6381381381381381,0.36486486486486486,0.6256481423245617,0.8418079096045198,0.7986441436302611,177,0.6382660687593423,0.3632286995515695,0.627013033117769
uniform_081,-728.0999755859375,0.45698924731182794,0.4482416881804946,186,0.7132132132132132,0.33783783783783783,0.646456495551657,0.5310734463276836,0.5179589079841932,177,0.7144992526158446,0.336322869955157,0.6477337308909517
uniform_082,-718.9000244140625,0.6612903225806451,0.6089020259152618,186,0.7402402402402403,0.3483483483483483,0.6462547355223461,0.6949152542372882,0.6522317764192745,177,0.7414050822122571,0.34678624813153963,0.647554312002781
uniform_083,-715.0,0.5645161290322581,0.5376028547824551,186,0.8183183183183184,0.35135135135135137,0.6362287149381304,0.6497175141242938,0.6164500781750611,177,0.8191330343796711,0.34977578475336324,0.6376046498198952
uniform_084,-704.5999755859375,0.5645161290322581,0.5544334033213716,186,0.8018018018018018,0.35585585585585583,0.6323559907254211,0.6497175141242938,0.6177229207156405,177,0.8026905829596412,0.3542600896860987,0.6337534146988043
uniform_085,-710.4000244140625,0.6451612903225806,0.6182573964473977,186,0.6501501501501501,0.33483483483483484,0.6433168214910359,0.7231638418079096,0.6808434275247488,177,0.6502242152466368,0.3333333333333333,0.6439728800356759
uniform_086,-721.2999877929688,0.7365591397849462,0.6804652521353883,186,0.7237237237237237,0.33633633633633636,0.6471266206930463,0.7740112994350282,0.7326327112421465,177,0.7249626307922272,0.33482810164424515,0.6484383671710572
uniform_087,-708.7000122070312,0.521505376344086,0.5166849547055781,186,0.7357357357357357,0.35135135135135137,0.6520981263294112,0.5988700564971752,0.5826155910508533,177,0.7369207772795217,0.34977578475336324,0.6533864193607621
uniform_088,-724.0,0.6666666666666666,0.6344306054062409,186,0.7042042042042042,0.35735735735735735,0.6312478935680357,0.751412429378531,0.7086355656989778,177,0.70254110612855,0.35575485799701045,0.6325939046556212
uniform_089,-737.2000122070312,0.6666666666666666,0.6955388901574958,186,0.7972972972972973,0.35585585585585583,0.6240993547748289,0.7288135593220338,0.7578059703448398,177,0.796711509715994,0.3542600896860987,0.6254791604994906
uniform_090,-733.7000122070312,0.5268817204301075,0.5714275666026859,186,0.7402402402402403,0.32432432432432434,0.6433940539240793,0.6045197740112994,0.6311686199663554,177,0.7414050822122571,0.32286995515695066,0.6446972127270146
uniform_091,-724.0999755859375,0.8655913978494624,0.7566498310195022,186,0.7582582582582582,0.33783783783783783,0.6390235874765718,0.847457627118644,0.7551774958853668,177,0.757847533632287,0.33781763826606875,0.6391441855113861
uniform_092,-704.7999877929688,0.7956989247311828,0.709726706918289,186,0.7387387387387387,0.3258258258258258,0.6520318712510326,0.864406779661017,0.7795909683109593,177,0.7399103139013453,0.3243647234678625,0.6533070779863028
uniform_093,-718.9000244140625,0.5752688172043011,0.593777686448878,186,0.6996996996996997,0.33483483483483484,0.6520303281956423,0.632768361581921,0.6435812070010767,177,0.6995515695067265,0.3333333333333333,0.6533044534507559
uniform_094,-719.5,0.6559139784946236,0.6488317414196381,186,0.7222222222222222,0.35135135135135137,0.6395585861134074,0.7175141242937854,0.7118214585250537,177,0.7219730941704036,0.34977578475336324,0.6408667429795969
uniform_095,-721.2999877929688,0.543010752688172,0.5617838106744032,186,0.7012012012012012,0.34384384384384387,0.6417248214522121,0.6045197740112994,0.6108685926307982,177,0.70254110612855,0.3423019431988042,0.6430362914020237
uniform_096,-737.2000122070312,0.8494623655913979,0.796176259681302,186,0.6156156156156156,0.37237237237237236,0.6240660340807143,0.9209039548022598,0.861800608493514,177,0.617339312406577,0.37070254110612855,0.6254800016262126
